EventID,Region,Region (source),Duration,TimeStep,Original Burst Depth (mm),Area,AspectRatio,Rotation,Burst Start Time,Lat,Long
6238,Southern Slopes (mainland),Southern Slopes (mainland),720,30,393.963,100,1.5,0,1703,-34.5875,150.7125
6239,Southern Slopes (mainland),Southern Slopes (mainland),720,30,261.129,100,1.5,0,2282,-34.4125,150.8375
6240,Southern Slopes (mainland),Southern Slopes (mainland),720,30,243.664,100,1.5,1.5707963,2443,-34.7125,150.6375
6241,Southern Slopes (mainland),Southern Slopes (mainland),720,30,218.867,100,1.5,1.5707963,1768,-34.6875,150.6625
6242,Southern Slopes (mainland),Southern Slopes (mainland),720,30,207.761,100,1.5,0,1311,-34.6125,150.5875
6243,Southern Slopes (mainland),Southern Slopes (mainland),720,30,194.942,100,1.5,1.5707963,1090,-34.7125,150.6125
6244,Southern Slopes (mainland),Southern Slopes (mainland),720,30,192.686,100,3.6,2.3561945,1073,-34.6375,150.7375
6245,Southern Slopes (mainland),Southern Slopes (mainland),720,30,184.463,100,1.5,0,3121,-34.6375,150.7125
6246,Southern Slopes (mainland),Southern Slopes (mainland),720,30,183.27,100,1.5,0.7853982,1031,-34.6125,150.6375
6247,Southern Slopes (mainland),Southern Slopes (mainland),720,30,181.992,100,1.5,0,1969,-34.6625,150.5875
6248,Southern Slopes (mainland),Southern Slopes (mainland),720,30,330.506,200,1.5,2.356194,1703,-34.5875,150.6875
6249,Southern Slopes (mainland),Southern Slopes (mainland),720,30,227.686,200,2.3,2.356194,2443,-34.7125,150.6125
6250,Southern Slopes (mainland),Southern Slopes (mainland),720,30,211.565,200,2.3,0,2282,-34.4375,150.8375
6251,Southern Slopes (mainland),Southern Slopes (mainland),720,30,190.077,200,2.3,1.570796,1768,-34.6875,150.6375
6252,Southern Slopes (mainland),Southern Slopes (mainland),720,30,180.6,200,2.3,0,1073,-34.6375,150.6625
6253,Southern Slopes (mainland),Southern Slopes (mainland),720,30,173.31,200,2.3,1.570796,3329,-37.5125,146.8625
6254,Southern Slopes (mainland),Southern Slopes (mainland),720,30,172.999,200,2.3,2.356194,3121,-34.6625,150.6875
6255,Southern Slopes (mainland),Southern Slopes (mainland),720,30,171.323,200,2.3,0,1969,-34.6375,150.5875
6256,Southern Slopes (mainland),Southern Slopes (mainland),720,30,171.195,200,2.3,2.356194,1090,-34.6875,150.6375
6257,Southern Slopes (mainland),Southern Slopes (mainland),720,30,169.821,200,3.6,2.356194,1311,-34.6625,150.4875
6258,Southern Slopes (mainland),Southern Slopes (mainland),720,30,249.757,500,1.5,2.3561945,1703,-34.6125,150.6875
6259,Southern Slopes (mainland),Southern Slopes (mainland),720,30,196.645,500,2.3,2.3561945,2444,-34.7625,150.5375
6260,Southern Slopes (mainland),Southern Slopes (mainland),720,30,158.692,500,1.5,0,1969,-34.6125,150.5625
6261,Southern Slopes (mainland),Southern Slopes (mainland),720,30,157.451,500,1.5,0.7853982,2259,-34.6875,150.5625
6262,Southern Slopes (mainland),Southern Slopes (mainland),720,30,152.625,500,1.5,2.3561945,1769,-34.6875,150.6375
6263,Southern Slopes (mainland),Southern Slopes (mainland),720,30,152.461,500,1.5,0.7853982,3329,-37.5125,146.8625
6264,Southern Slopes (mainland),Southern Slopes (mainland),720,30,150.62,500,3.6,2.3561945,1312,-34.6875,150.3875
6265,Southern Slopes (mainland),Southern Slopes (mainland),720,30,143.717,500,2.3,1.5707963,3062,-38.6625,143.6125
6266,Southern Slopes (mainland),Southern Slopes (mainland),720,30,143.701,500,1.5,0,3438,-34.5875,150.7875
6267,Southern Slopes (mainland),Southern Slopes (mainland),720,30,137.616,500,3.6,0,561,-34.8875,150.3125
6268,Southern Slopes (mainland),Southern Slopes (mainland),720,30,183.47,1000,1.5,0,1701,-34.4875,150.7625
6269,Southern Slopes (mainland),Southern Slopes (mainland),720,30,166.01,1000,3.6,1.5707963,181,-34.5875,150.4125
6270,Southern Slopes (mainland),Southern Slopes (mainland),720,30,158.71,1000,3.6,1.5707963,2445,-34.7875,150.3625
6271,Southern Slopes (mainland),Southern Slopes (mainland),720,30,150.05,1000,3.6,0.7853982,790,-35.2375,150.0125
6272,Southern Slopes (mainland),Southern Slopes (mainland),720,30,145.44,1000,2.3,1.5707963,1311,-34.5875,150.4125
6273,Southern Slopes (mainland),Southern Slopes (mainland),720,30,145.12,1000,2.3,0,2283,-34.3875,150.8625
6274,Southern Slopes (mainland),Southern Slopes (mainland),720,30,144.85,1000,3.6,1.5707963,566,-34.5875,150.4125
6275,Southern Slopes (mainland),Southern Slopes (mainland),720,30,137.18,1000,1.5,0.7853982,3281,-34.8875,150.4625
6276,Southern Slopes (mainland),Southern Slopes (mainland),720,30,137.23,1000,1.5,2.3561945,3328,-37.5375,146.8625
6277,Southern Slopes (mainland),Southern Slopes (mainland),720,30,134.93,1000,2.3,0,2062,-34.4375,150.8125
6278,Southern Slopes (mainland),Southern Slopes (mainland),720,30,158.78,2500,2.3,0.7853982,560,-34.6375,150.4625
6279,Southern Slopes (mainland),Southern Slopes (mainland),720,30,158.6,2500,1.5,1.5707963,181,-34.5875,150.4125
6280,Southern Slopes (mainland),Southern Slopes (mainland),720,30,158.2,2500,1.5,0.7853982,2235,-37.4875,148.7125
6281,Southern Slopes (mainland),Southern Slopes (mainland),720,30,145.09,2500,3.6,0.7853982,539,-34.7375,150.5625
6282,Southern Slopes (mainland),Southern Slopes (mainland),720,30,146.54,2500,2.3,0.7853982,2444,-34.6375,150.5625
6283,Southern Slopes (mainland),Southern Slopes (mainland),720,30,139.21,2500,2.3,0.7853982,790,-35.2875,149.9625
6284,Southern Slopes (mainland),Southern Slopes (mainland),720,30,126.73,2500,1.5,1.5707963,1311,-34.5875,150.4125
6285,Southern Slopes (mainland),Southern Slopes (mainland),720,30,120.47,2500,2.3,0.7853982,2260,-34.8875,150.4625
6286,Southern Slopes (mainland),Southern Slopes (mainland),720,30,117.05,2500,1.5,2.3561945,3326,-37.5375,146.9125
6287,Southern Slopes (mainland),Southern Slopes (mainland),720,30,108.48,2500,2.3,2.3561945,1968,-34.5875,150.4125
6288,Southern Slopes (mainland),Southern Slopes (mainland),720,30,145.54,5000,1.5,0.7853982,560,-34.5875,150.4125
6289,Southern Slopes (mainland),Southern Slopes (mainland),720,30,133.82,5000,1.5,2.3561945,182,-34.6875,150.3125
6290,Southern Slopes (mainland),Southern Slopes (mainland),720,30,132.12,5000,1.5,0,2515,-36.7875,149.7125
6291,Southern Slopes (mainland),Southern Slopes (mainland),720,30,121.5,5000,1.5,0.7853982,2444,-34.6875,150.5125
6292,Southern Slopes (mainland),Southern Slopes (mainland),720,30,120.37,5000,1.5,0.7853982,789,-35.2875,149.9125
6293,Southern Slopes (mainland),Southern Slopes (mainland),720,30,116.8,5000,1.5,0.7853982,1311,-34.5875,150.4125
6294,Southern Slopes (mainland),Southern Slopes (mainland),720,30,106.15,5000,1.5,0.7853982,2261,-34.8875,150.4125
6295,Southern Slopes (mainland),Southern Slopes (mainland),720,30,102.34,5000,3.6,0,2233,-37.0875,148.6125
6296,Southern Slopes (mainland),Southern Slopes (mainland),720,30,101.46,5000,1.5,1.5707963,3330,-37.5875,146.6125
6297,Southern Slopes (mainland),Southern Slopes (mainland),720,30,102.98,5000,1.5,2.3561945,1968,-34.5875,150.4125
6298,Southern Slopes (mainland),Southern Slopes (mainland),720,30,125.62,10000,1.5,0,182,-34.5875,150.4125
6299,Southern Slopes (mainland),Southern Slopes (mainland),720,30,123.51,10000,2.3,1.5707963,2234,-37.5875,148.5125
6300,Southern Slopes (mainland),Southern Slopes (mainland),720,30,117.35,10000,1.5,0,565,-34.5875,150.4125
6301,Southern Slopes (mainland),Southern Slopes (mainland),720,30,102.54,10000,1.5,0.7853982,789,-35.2875,149.8125
6302,Southern Slopes (mainland),Southern Slopes (mainland),720,30,101.15,10000,2.3,0,2515,-36.6875,149.7125
6303,Southern Slopes (mainland),Southern Slopes (mainland),720,30,99.77,10000,2.3,0.7853982,1311,-34.7875,150.2125
6304,Southern Slopes (mainland),Southern Slopes (mainland),720,30,86.83,10000,1.5,0.7853982,3330,-37.4875,146.6125
6305,Southern Slopes (mainland),Southern Slopes (mainland),720,30,85.51,10000,2.3,0.7853982,2261,-34.9875,150.3125
6306,Southern Slopes (mainland),Southern Slopes (mainland),720,30,81.95,10000,1.5,1.5707963,325,-37.6875,144.1125
6307,Southern Slopes (mainland),Southern Slopes (mainland),720,30,80.09,10000,1.5,1.5707963,3057,-37.6875,145.9125
6308,Southern Slopes (mainland),Southern Slopes (mainland),720,30,91.94,20000,1.5,0.7853982,182,-34.8625,150.1375
6309,Southern Slopes (mainland),Southern Slopes (mainland),720,30,76.86,20000,1.5,0,2233,-36.8625,148.8875
6310,Southern Slopes (mainland),Southern Slopes (mainland),720,30,77.47,20000,1.5,0.7853982,3052,-37.9875,146.6375
6311,Southern Slopes (mainland),Southern Slopes (mainland),720,30,74.49,20000,3.6,0.7853982,1313,-34.8625,150.1375
6312,Southern Slopes (mainland),Southern Slopes (mainland),720,30,70.87,20000,2.3,0,2514,-36.2375,149.6375
6313,Southern Slopes (mainland),Southern Slopes (mainland),720,30,69.52,20000,2.3,0,784,-34.9875,149.8875
6314,Southern Slopes (mainland),Southern Slopes (mainland),720,30,66.06,20000,3.6,0.7853982,567,-35.1125,150.0125
6315,Southern Slopes (mainland),Southern Slopes (mainland),720,30,59.82,20000,2.3,0.7853982,1033,-34.8625,150.0125
6316,Southern Slopes (mainland),Southern Slopes (mainland),720,30,61.48,20000,1.5,2.3561945,325,-37.4875,143.7625
6317,Southern Slopes (mainland),Southern Slopes (mainland),720,30,60.6,20000,2.3,1.5707963,3326,-37.4875,146.5125
6318,Southern Slopes (mainland),Southern Slopes (mainland),720,30,70.71,40000,2.3,0.7853982,182,-34.7375,150.0125
6319,Southern Slopes (mainland),Southern Slopes (mainland),720,30,64.17,40000,1.5,0.7853982,2233,-36.8625,148.7625
6320,Southern Slopes (mainland),Southern Slopes (mainland),720,30,60.02,40000,2.3,1.5707963,3052,-37.4875,146.5125
6321,Southern Slopes (mainland),Southern Slopes (mainland),720,30,48.86,40000,1.5,0.7853982,971,-37.2375,147.2625
6322,Southern Slopes (mainland),Southern Slopes (mainland),720,30,42.8,40000,3.6,0.7853982,1310,-34.9875,149.8875
6323,Southern Slopes (mainland),Southern Slopes (mainland),720,30,41.57,40000,1.5,1.5707963,2516,-36.7375,148.8875
6324,Southern Slopes (mainland),Southern Slopes (mainland),720,30,35,40000,1.5,0.7853982,2643,-36.8625,148.8875
6325,Southern Slopes (mainland),Murray Basin,720,30,53.64,40000,1.5,0,2846,-34.2375,149.0125
6326,Southern Slopes (mainland),Murray Basin,720,30,47.35,40000,1.5,1.5707963,1376,-34.8625,148.8875
6327,Southern Slopes (mainland),Murray Basin,720,30,47.47,40000,1.5,0,2310,-35.9875,146.8875
6328,Southern Slopes (mainland),Southern Slopes (mainland),1080,60,562.019,100,1.5,0,1701,-34.5625,150.7125
6329,Southern Slopes (mainland),Southern Slopes (mainland),1080,60,306.34,100,1.5,1.5707963,1765,-34.6875,150.6625
6330,Southern Slopes (mainland),Southern Slopes (mainland),1080,60,286.189,100,1.5,1.5707963,2437,-34.7125,150.6375
6331,Southern Slopes (mainland),Southern Slopes (mainland),1080,60,248.921,100,1.5,1.5707963,1089,-34.7125,150.6125
6332,Southern Slopes (mainland),Southern Slopes (mainland),1080,60,248.011,100,1.5,0,1028,-34.6125,150.6125
6333,Southern Slopes (mainland),Southern Slopes (mainland),1080,60,245.272,100,1.5,0,1308,-34.6125,150.5875
6334,Southern Slopes (mainland),Southern Slopes (mainland),1080,60,236.537,100,1.5,1.5707963,1515,-34.7125,150.6375
6335,Southern Slopes (mainland),Southern Slopes (mainland),1080,60,222.059,100,3.6,0.7853982,1071,-34.5625,150.6875
6336,Southern Slopes (mainland),Southern Slopes (mainland),1080,60,214.573,100,1.5,0,1966,-34.6625,150.5875
6337,Southern Slopes (mainland),Southern Slopes (mainland),1080,60,210.98,100,1.5,1.5707963,2253,-34.7125,150.6125
6338,Southern Slopes (mainland),Southern Slopes (mainland),1080,60,480.988,200,2.3,0,1701,-34.5625,150.7125
6339,Southern Slopes (mainland),Southern Slopes (mainland),1080,60,267.927,200,2.3,2.3561945,2438,-34.7125,150.6125
6340,Southern Slopes (mainland),Southern Slopes (mainland),1080,60,267.252,200,2.3,1.5707963,1765,-34.6875,150.6375
6341,Southern Slopes (mainland),Southern Slopes (mainland),1080,60,241.049,200,2.3,0,2277,-34.4375,150.8375
6342,Southern Slopes (mainland),Southern Slopes (mainland),1080,60,228.524,200,2.3,0.7853982,1029,-34.6125,150.6125
6343,Southern Slopes (mainland),Southern Slopes (mainland),1080,60,220.616,200,2.3,2.3561945,1089,-34.6875,150.6375
6344,Southern Slopes (mainland),Southern Slopes (mainland),1080,60,219.447,200,2.3,1.5707963,3329,-37.5125,146.8875
6345,Southern Slopes (mainland),Southern Slopes (mainland),1080,60,217.373,200,2.3,1.5707963,1515,-34.7125,150.5875
6346,Southern Slopes (mainland),Southern Slopes (mainland),1080,60,210.6,200,2.3,0.7853982,1071,-34.5625,150.6625
6347,Southern Slopes (mainland),Southern Slopes (mainland),1080,60,203.148,200,2.3,0,1965,-34.6375,150.5875
6348,Southern Slopes (mainland),Southern Slopes (mainland),1080,60,368.638,500,1.5,2.3561945,1701,-34.5875,150.7125
6349,Southern Slopes (mainland),Southern Slopes (mainland),1080,60,232.61,500,2.3,2.3561945,2439,-34.7625,150.5625
6350,Southern Slopes (mainland),Southern Slopes (mainland),1080,60,213.671,500,1.5,2.3561945,1765,-34.6875,150.6125
6351,Southern Slopes (mainland),Southern Slopes (mainland),1080,60,200.39,500,1.5,0.7853982,1029,-34.6125,150.6125
6352,Southern Slopes (mainland),Southern Slopes (mainland),1080,60,198.724,500,2.3,0,560,-34.8875,150.3125
6353,Southern Slopes (mainland),Southern Slopes (mainland),1080,60,193.949,500,1.5,0.7853982,2255,-34.6875,150.5625
6354,Southern Slopes (mainland),Southern Slopes (mainland),1080,60,192.899,500,1.5,0.7853982,3329,-37.5375,146.8875
6355,Southern Slopes (mainland),Southern Slopes (mainland),1080,60,189.83,500,1.5,0,1965,-34.6125,150.5625
6356,Southern Slopes (mainland),Southern Slopes (mainland),1080,60,186.159,500,2.3,1.5707963,1515,-34.7125,150.5125
6357,Southern Slopes (mainland),Southern Slopes (mainland),1080,60,178.291,500,3.6,2.3561945,1308,-34.6625,150.3875
6358,Southern Slopes (mainland),Southern Slopes (mainland),1080,60,239.79,1000,1.5,0,1699,-34.4875,150.7625
6359,Southern Slopes (mainland),Southern Slopes (mainland),1080,60,208,1000,3.6,1.5707963,179,-34.5875,150.4125
6360,Southern Slopes (mainland),Southern Slopes (mainland),1080,60,197.66,1000,3.6,1.5707963,2232,-37.5375,148.7125
6361,Southern Slopes (mainland),Southern Slopes (mainland),1080,60,195.63,1000,3.6,0.7853982,786,-35.2375,150.0125
6362,Southern Slopes (mainland),Southern Slopes (mainland),1080,60,190.03,1000,2.3,0,2436,-34.5875,150.6125
6363,Southern Slopes (mainland),Southern Slopes (mainland),1080,60,175.57,1000,2.3,1.5707963,1308,-34.5875,150.4125
6364,Southern Slopes (mainland),Southern Slopes (mainland),1080,60,175.48,1000,1.5,2.3561945,3328,-37.5375,146.8625
6365,Southern Slopes (mainland),Southern Slopes (mainland),1080,60,167.87,1000,1.5,0.7853982,2257,-34.7875,150.4625
6366,Southern Slopes (mainland),Southern Slopes (mainland),1080,60,167.14,1000,1.5,1.5707963,652,-35.0375,150.4125
6367,Southern Slopes (mainland),Southern Slopes (mainland),1080,60,164.13,1000,1.5,0,1071,-34.4875,150.7625
6368,Southern Slopes (mainland),Southern Slopes (mainland),1080,60,219.42,2500,2.3,0.7853982,560,-34.6875,150.4125
6369,Southern Slopes (mainland),Southern Slopes (mainland),1080,60,198.14,2500,1.5,1.5707963,179,-34.5875,150.4125
6370,Southern Slopes (mainland),Southern Slopes (mainland),1080,60,191.97,2500,1.5,0.7853982,2232,-37.4875,148.7125
6371,Southern Slopes (mainland),Southern Slopes (mainland),1080,60,191.58,2500,2.3,0,537,-34.5375,150.7125
6372,Southern Slopes (mainland),Southern Slopes (mainland),1080,60,182.7,2500,2.3,0.7853982,786,-35.3375,149.9125
6373,Southern Slopes (mainland),Southern Slopes (mainland),1080,60,176.79,2500,2.3,0.7853982,2438,-34.6375,150.5625
6374,Southern Slopes (mainland),Southern Slopes (mainland),1080,60,170.09,2500,1.5,0.7853982,3280,-34.8875,150.4625
6375,Southern Slopes (mainland),Southern Slopes (mainland),1080,60,155.9,2500,2.3,0.7853982,652,-35.0375,150.4125
6376,Southern Slopes (mainland),Southern Slopes (mainland),1080,60,154.96,2500,1.5,0,2258,-34.8375,150.4625
6377,Southern Slopes (mainland),Southern Slopes (mainland),1080,60,154.57,2500,1.5,1.5707963,1308,-34.5875,150.4125
6378,Southern Slopes (mainland),Southern Slopes (mainland),1080,60,200.94,5000,1.5,0.7853982,560,-34.5875,150.4125
6379,Southern Slopes (mainland),Southern Slopes (mainland),1080,60,183.47,5000,1.5,1.5707963,2233,-37.5875,148.6125
6380,Southern Slopes (mainland),Southern Slopes (mainland),1080,60,179.1,5000,1.5,0.7853982,179,-34.5875,150.4125
6381,Southern Slopes (mainland),Southern Slopes (mainland),1080,60,160.03,5000,1.5,0.7853982,786,-35.3875,149.8125
6382,Southern Slopes (mainland),Southern Slopes (mainland),1080,60,144.39,5000,1.5,0.7853982,1308,-34.5875,150.4125
6383,Southern Slopes (mainland),Southern Slopes (mainland),1080,60,132.84,5000,1.5,1.5707963,2440,-34.7875,150.3125
6384,Southern Slopes (mainland),Southern Slopes (mainland),1080,60,133.1,5000,1.5,0.7853982,2254,-34.8875,150.4125
6385,Southern Slopes (mainland),Southern Slopes (mainland),1080,60,132.15,5000,1.5,1.5707963,3326,-37.5875,146.6125
6386,Southern Slopes (mainland),Southern Slopes (mainland),1080,60,122.35,5000,1.5,0.7853982,3280,-34.9875,150.3125
6387,Southern Slopes (mainland),Southern Slopes (mainland),1080,60,124.91,5000,3.6,0.7853982,652,-34.9875,150.4125
6388,Southern Slopes (mainland),Southern Slopes (mainland),1080,60,174.8,10000,1.5,0,560,-34.5875,150.4125
6389,Southern Slopes (mainland),Southern Slopes (mainland),1080,60,155.25,10000,1.5,0,179,-34.5875,150.4125
6390,Southern Slopes (mainland),Southern Slopes (mainland),1080,60,142.52,10000,1.5,0.7853982,2232,-37.2875,148.7125
6391,Southern Slopes (mainland),Southern Slopes (mainland),1080,60,133.65,10000,3.6,0.7853982,786,-35.0875,150.0125
6392,Southern Slopes (mainland),Southern Slopes (mainland),1080,60,117.88,10000,3.6,0.7853982,1307,-34.6875,150.3125
6393,Southern Slopes (mainland),Southern Slopes (mainland),1080,60,117.3,10000,1.5,0.7853982,2438,-34.6875,150.4125
6394,Southern Slopes (mainland),Southern Slopes (mainland),1080,60,115.94,10000,1.5,1.5707963,3326,-37.5875,146.6125
6395,Southern Slopes (mainland),Southern Slopes (mainland),1080,60,109.08,10000,2.3,0.7853982,2256,-34.9875,150.3125
6396,Southern Slopes (mainland),Southern Slopes (mainland),1080,60,107.62,10000,1.5,2.3561945,2157,-34.8875,150.0125
6397,Southern Slopes (mainland),Southern Slopes (mainland),1080,60,104.15,10000,1.5,0,1962,-34.5875,150.4125
6398,Southern Slopes (mainland),Southern Slopes (mainland),1080,60,111.11,20000,1.5,0.7853982,179,-34.8625,150.1375
6399,Southern Slopes (mainland),Southern Slopes (mainland),1080,60,103.15,20000,3.6,0.7853982,562,-34.8625,150.1375
6400,Southern Slopes (mainland),Southern Slopes (mainland),1080,60,98.79,20000,3.6,0.7853982,1310,-34.8625,150.1375
6401,Southern Slopes (mainland),Southern Slopes (mainland),1080,60,100.96,20000,2.3,0,784,-34.9875,149.8875
6402,Southern Slopes (mainland),Southern Slopes (mainland),1080,60,99.22,20000,1.5,0,2231,-36.8625,148.8875
6403,Southern Slopes (mainland),Southern Slopes (mainland),1080,60,93.88,20000,1.5,1.5707963,3049,-37.9875,146.1375
6404,Southern Slopes (mainland),Southern Slopes (mainland),1080,60,89.16,20000,1.5,0.7853982,3326,-37.7375,146.6375
6405,Southern Slopes (mainland),Southern Slopes (mainland),1080,60,83.57,20000,1.5,2.3561945,2156,-34.8625,149.8875
6406,Southern Slopes (mainland),Southern Slopes (mainland),1080,60,74.81,20000,2.3,0.7853982,1030,-34.9875,149.8875
6407,Southern Slopes (mainland),Southern Slopes (mainland),1080,60,74.72,20000,1.5,1.5707963,653,-34.9875,149.8875
6408,Southern Slopes (mainland),Southern Slopes (mainland),1080,60,81.84,40000,1.5,0.7853982,2233,-36.8625,148.8875
6409,Southern Slopes (mainland),Southern Slopes (mainland),1080,60,77.25,40000,3.6,1.5707963,3052,-37.6125,145.1375
6410,Southern Slopes (mainland),Southern Slopes (mainland),1080,60,68.04,40000,1.5,0,2153,-34.9875,150.0125
6411,Southern Slopes (mainland),Southern Slopes (mainland),1080,60,61.36,40000,3.6,0.7853982,1310,-34.8625,150.0125
6412,Southern Slopes (mainland),Southern Slopes (mainland),1080,60,63.5,40000,1.5,1.5707963,324,-37.7375,144.6375
6413,Southern Slopes (mainland),Southern Slopes (mainland),1080,60,58.7,40000,1.5,0,1030,-34.9875,150.0125
6414,Southern Slopes (mainland),Southern Slopes (mainland),1080,60,58.68,40000,1.5,0.7853982,3324,-37.3625,147.1375
6415,Southern Slopes (mainland),Southern Slopes (mainland),1080,60,52.06,40000,1.5,0.7853982,1363,-34.8625,149.8875
6416,Southern Slopes (mainland),Southern Slopes (mainland),1080,60,53.01,40000,2.3,1.5707963,3376,-38.1125,145.7625
6417,Southern Slopes (mainland),Southern Slopes (mainland),1080,60,46.91,40000,1.5,2.3561945,2113,-36.3625,148.8875
6418,Southern Slopes (mainland),Southern Slopes (mainland),1440,60,607.245,100,1.5,0,1698,-34.5625,150.7125
6419,Southern Slopes (mainland),Southern Slopes (mainland),1440,60,378.423,100,1.5,1.570796,1763,-34.6875,150.6625
6420,Southern Slopes (mainland),Southern Slopes (mainland),1440,60,283.84,100,1.5,0,1311,-34.6125,150.5875
6421,Southern Slopes (mainland),Southern Slopes (mainland),1440,60,283.783,100,1.5,0,1024,-34.6125,150.6125
6422,Southern Slopes (mainland),Southern Slopes (mainland),1440,60,273.392,100,1.5,1.570796,1511,-34.7125,150.6125
6423,Southern Slopes (mainland),Southern Slopes (mainland),1440,60,268.174,100,1.5,1.570796,1088,-34.7125,150.6125
6424,Southern Slopes (mainland),Southern Slopes (mainland),1440,60,255.141,100,1.5,2.356194,1112,-34.6875,150.6625
6425,Southern Slopes (mainland),Southern Slopes (mainland),1440,60,250.952,100,1.5,0,3279,-34.6625,150.5125
6426,Southern Slopes (mainland),Southern Slopes (mainland),1440,60,242.782,100,1.5,0,1186,-34.6625,150.6125
6427,Southern Slopes (mainland),Southern Slopes (mainland),1440,60,234.793,100,1.5,0,1963,-34.6625,150.5875
6428,Southern Slopes (mainland),Southern Slopes (mainland),1440,60,526.951,200,2.3,0,1698,-34.5625,150.7125
6429,Southern Slopes (mainland),Southern Slopes (mainland),1440,60,332.078,200,2.3,1.5707963,1763,-34.6875,150.6375
6430,Southern Slopes (mainland),Southern Slopes (mainland),1440,60,269.61,200,2.3,0,2278,-34.4375,150.8375
6431,Southern Slopes (mainland),Southern Slopes (mainland),1440,60,267.536,200,2.3,1.5707963,3327,-37.5125,146.8875
6432,Southern Slopes (mainland),Southern Slopes (mainland),1440,60,260.109,200,2.3,0,1025,-34.6375,150.6125
6433,Southern Slopes (mainland),Southern Slopes (mainland),1440,60,255.788,200,2.3,1.5707963,1511,-34.6875,150.5875
6434,Southern Slopes (mainland),Southern Slopes (mainland),1440,60,237.629,200,2.3,2.3561945,1088,-34.6875,150.6375
6435,Southern Slopes (mainland),Southern Slopes (mainland),1440,60,233.983,200,3.6,2.3561945,1311,-34.6625,150.4875
6436,Southern Slopes (mainland),Southern Slopes (mainland),1440,60,232.325,200,2.3,2.3561945,1112,-34.6875,150.6625
6437,Southern Slopes (mainland),Southern Slopes (mainland),1440,60,230.851,200,2.3,0.7853982,1186,-34.6375,150.5875
6438,Southern Slopes (mainland),Southern Slopes (mainland),1440,60,410.77,500,1.5,2.3561945,1698,-34.5875,150.7125
6439,Southern Slopes (mainland),Southern Slopes (mainland),1440,60,267.91,500,1.5,2.3561945,1764,-34.6875,150.6125
6440,Southern Slopes (mainland),Southern Slopes (mainland),1440,60,245.04,500,2.3,0,557,-34.8875,150.3125
6441,Southern Slopes (mainland),Southern Slopes (mainland),1440,60,233.989,500,1.5,1.5707963,3327,-37.5125,146.8875
6442,Southern Slopes (mainland),Southern Slopes (mainland),1440,60,228.704,500,1.5,0.7853982,2251,-34.6875,150.5625
6443,Southern Slopes (mainland),Southern Slopes (mainland),1440,60,228.314,500,1.5,0,1025,-34.6375,150.6125
6444,Southern Slopes (mainland),Southern Slopes (mainland),1440,60,221.432,500,2.3,1.5707963,1514,-34.6875,150.5125
6445,Southern Slopes (mainland),Southern Slopes (mainland),1440,60,211.743,500,3.6,2.3561945,1309,-34.6625,150.3875
6446,Southern Slopes (mainland),Southern Slopes (mainland),1440,60,210.285,500,1.5,0,1963,-34.6125,150.5625
6447,Southern Slopes (mainland),Southern Slopes (mainland),1440,60,202.998,500,2.3,2.3561945,2705,-38.5875,143.7875
6448,Southern Slopes (mainland),Southern Slopes (mainland),1440,60,266.24,1000,1.5,0,1694,-34.4875,150.7625
6449,Southern Slopes (mainland),Southern Slopes (mainland),1440,60,210.36,1000,1.5,2.3561945,3326,-37.5375,146.8625
6450,Southern Slopes (mainland),Southern Slopes (mainland),1440,60,208.28,1000,1.5,0.7853982,1761,-34.5375,150.7125
6451,Southern Slopes (mainland),Southern Slopes (mainland),1440,60,204.58,1000,1.5,2.3561945,2250,-34.7375,150.5125
6452,Southern Slopes (mainland),Southern Slopes (mainland),1440,60,202.33,1000,2.3,0,2279,-34.4375,150.8125
6453,Southern Slopes (mainland),Southern Slopes (mainland),1440,60,199.91,1000,2.3,1.5707963,1306,-34.5875,150.4125
6454,Southern Slopes (mainland),Southern Slopes (mainland),1440,60,195.29,1000,2.3,0.7853982,1518,-34.8375,150.4125
6455,Southern Slopes (mainland),Southern Slopes (mainland),1440,60,193.55,1000,1.5,0.7853982,648,-35.0375,150.4125
6456,Southern Slopes (mainland),Southern Slopes (mainland),1440,60,173.68,1000,3.6,0.7853982,1026,-34.8375,150.4125
6457,Southern Slopes (mainland),Southern Slopes (mainland),1440,60,171.39,1000,2.3,0,2061,-34.4375,150.8125
6458,Southern Slopes (mainland),Southern Slopes (mainland),1440,60,258.35,2500,2.3,0.7853982,556,-34.7375,150.4125
6459,Southern Slopes (mainland),Southern Slopes (mainland),1440,60,235.15,2500,1.5,0.7853982,784,-35.2375,150.0125
6460,Southern Slopes (mainland),Southern Slopes (mainland),1440,60,188.42,2500,1.5,0,2250,-34.8375,150.5125
6461,Southern Slopes (mainland),Southern Slopes (mainland),1440,60,184.49,2500,1.5,0.7853982,647,-35.0375,150.4625
6462,Southern Slopes (mainland),Southern Slopes (mainland),1440,60,181.91,2500,1.5,0,1520,-34.9375,150.3125
6463,Southern Slopes (mainland),Southern Slopes (mainland),1440,60,181.84,2500,1.5,2.3561945,3326,-37.5375,146.9125
6464,Southern Slopes (mainland),Southern Slopes (mainland),1440,60,175.42,2500,3.6,0,2229,-37.2875,148.6625
6465,Southern Slopes (mainland),Southern Slopes (mainland),1440,60,170.71,2500,1.5,1.5707963,1305,-34.5875,150.4125
6466,Southern Slopes (mainland),Southern Slopes (mainland),1440,60,159.6,2500,2.3,0.7853982,1026,-34.8375,150.4125
6467,Southern Slopes (mainland),Southern Slopes (mainland),1440,60,160.19,2500,1.5,0.7853982,1766,-34.7375,150.5125
6468,Southern Slopes (mainland),Southern Slopes (mainland),1440,60,239.22,5000,1.5,0,556,-34.5875,150.4125
6469,Southern Slopes (mainland),Southern Slopes (mainland),1440,60,207.28,5000,1.5,0.7853982,783,-35.3875,149.9125
6470,Southern Slopes (mainland),Southern Slopes (mainland),1440,60,159.92,5000,1.5,0.7853982,1305,-34.5875,150.4125
6471,Southern Slopes (mainland),Southern Slopes (mainland),1440,60,156.72,5000,1.5,0,1521,-34.9875,150.2125
6472,Southern Slopes (mainland),Southern Slopes (mainland),1440,60,152.72,5000,2.3,0.7853982,2252,-34.8875,150.4125
6473,Southern Slopes (mainland),Southern Slopes (mainland),1440,60,149.22,5000,1.5,1.5707963,3330,-37.5875,146.6125
6474,Southern Slopes (mainland),Southern Slopes (mainland),1440,60,139.82,5000,1.5,0.7853982,3280,-34.9875,150.3125
6475,Southern Slopes (mainland),Southern Slopes (mainland),1440,60,143.84,5000,1.5,0,1024,-34.5875,150.4125
6476,Southern Slopes (mainland),Southern Slopes (mainland),1440,60,143.09,5000,3.6,0.7853982,647,-34.9875,150.4125
6477,Southern Slopes (mainland),Southern Slopes (mainland),1440,60,142.68,5000,1.5,0,2433,-34.5875,150.6125
6478,Southern Slopes (mainland),Southern Slopes (mainland),1440,60,211.27,10000,1.5,0,555,-34.5875,150.4125
6479,Southern Slopes (mainland),Southern Slopes (mainland),1440,60,180.59,10000,2.3,1.5707963,2228,-37.5875,148.3125
6480,Southern Slopes (mainland),Southern Slopes (mainland),1440,60,171.41,10000,2.3,0.7853982,782,-35.0875,150.0125
6481,Southern Slopes (mainland),Southern Slopes (mainland),1440,60,139.86,10000,3.6,0.7853982,1305,-34.6875,150.3125
6482,Southern Slopes (mainland),Southern Slopes (mainland),1440,60,136.55,10000,1.5,1.5707963,3326,-37.5875,146.7125
6483,Southern Slopes (mainland),Southern Slopes (mainland),1440,60,130.69,10000,2.3,0.7853982,75,-34.9875,150.2125
6484,Southern Slopes (mainland),Southern Slopes (mainland),1440,60,129.77,10000,1.5,0.7853982,2433,-34.6875,150.4125
6485,Southern Slopes (mainland),Southern Slopes (mainland),1440,60,129.49,10000,1.5,1.5707963,13,-34.9875,150.0125
6486,Southern Slopes (mainland),Southern Slopes (mainland),1440,60,129.1,10000,2.3,0.7853982,2252,-34.9875,150.3125
6487,Southern Slopes (mainland),Southern Slopes (mainland),1440,60,120.46,10000,2.3,1.5707963,3048,-37.6875,145.4125
6488,Southern Slopes (mainland),Southern Slopes (mainland),1440,60,130.6,20000,2.3,0,782,-34.9875,149.8875
6489,Southern Slopes (mainland),Southern Slopes (mainland),1440,60,122.16,20000,3.6,0.7853982,559,-34.8625,150.1375
6490,Southern Slopes (mainland),Southern Slopes (mainland),1440,60,121.41,20000,1.5,0.7853982,176,-34.8625,150.1375
6491,Southern Slopes (mainland),Southern Slopes (mainland),1440,60,117.52,20000,3.6,0.7853982,1310,-34.8625,150.1375
6492,Southern Slopes (mainland),Southern Slopes (mainland),1440,60,113.23,20000,1.5,0,2230,-36.8625,148.8875
6493,Southern Slopes (mainland),Southern Slopes (mainland),1440,60,105.51,20000,1.5,2.3561945,2151,-34.8625,149.8875
6494,Southern Slopes (mainland),Southern Slopes (mainland),1440,60,104.09,20000,3.6,1.5707963,3044,-37.7375,146.0125
6495,Southern Slopes (mainland),Southern Slopes (mainland),1440,60,94.58,20000,1.5,0.7853982,3324,-37.3625,146.8875
6496,Southern Slopes (mainland),Southern Slopes (mainland),1440,60,86.83,20000,2.3,0.7853982,1027,-34.9875,149.8875
6497,Southern Slopes (mainland),Southern Slopes (mainland),1440,60,88.46,20000,1.5,1.5707963,648,-34.9875,149.8875
6498,Southern Slopes (mainland),Southern Slopes (mainland),1440,60,109.94,40000,1.5,0.7853982,782,-34.9875,149.8875
6499,Southern Slopes (mainland),Southern Slopes (mainland),1440,60,92.74,40000,2.3,1.5707963,3046,-37.6125,145.3875
6500,Southern Slopes (mainland),Southern Slopes (mainland),1440,60,92.45,40000,1.5,0.7853982,2231,-36.8625,148.8875
6501,Southern Slopes (mainland),Southern Slopes (mainland),1440,60,80.98,40000,1.5,0,2156,-34.9875,149.8875
6502,Southern Slopes (mainland),Southern Slopes (mainland),1440,60,68.13,40000,3.6,0.7853982,1302,-34.9875,149.8875
6503,Southern Slopes (mainland),Southern Slopes (mainland),1440,60,68.99,40000,1.5,0.7853982,3326,-37.3625,147.1375
6504,Southern Slopes (mainland),Southern Slopes (mainland),1440,60,67,40000,1.5,1.5707963,322,-37.7375,144.3875
6505,Southern Slopes (mainland),Southern Slopes (mainland),1440,60,63.99,40000,1.5,0,1028,-34.9875,150.0125
6506,Southern Slopes (mainland),Southern Slopes (mainland),1440,60,61.42,40000,1.5,0.7853982,2444,-34.9875,150.0125
6507,Southern Slopes (mainland),Southern Slopes (mainland),1440,60,59.32,40000,1.5,0.7853982,1361,-34.8625,149.8875
6508,Southern Slopes (mainland),Southern Slopes (mainland),2160,120,479.774,100,1.5,1.570796,1759,-34.6875,150.6625
6509,Southern Slopes (mainland),Southern Slopes (mainland),2160,120,366.588,100,1.5,1.570796,1513,-34.7125,150.6125
6510,Southern Slopes (mainland),Southern Slopes (mainland),2160,120,329.634,100,1.5,0,1303,-34.6125,150.5875
6511,Southern Slopes (mainland),Southern Slopes (mainland),2160,120,324.973,100,1.5,0,1021,-34.6125,150.6125
6512,Southern Slopes (mainland),Southern Slopes (mainland),2160,120,314.394,100,1.5,0,1185,-34.6375,150.5875
6513,Southern Slopes (mainland),Southern Slopes (mainland),2160,120,304.172,100,1.5,1.570796,2705,-38.6375,143.7625
6514,Southern Slopes (mainland),Southern Slopes (mainland),2160,120,245.659,100,3.6,2.356194,2148,-35.4125,149.9875
6515,Southern Slopes (mainland),Southern Slopes (mainland),2160,120,245.084,100,1.5,2.356194,1949,-34.6875,150.6375
6516,Southern Slopes (mainland),Southern Slopes (mainland),2160,120,242.406,100,3.6,2.356194,1743,-34.4625,150.7625
6517,Southern Slopes (mainland),Southern Slopes (mainland),2160,120,235.825,100,1.5,1.570796,2708,-38.4625,146.5375
6518,Southern Slopes (mainland),Southern Slopes (mainland),2160,120,421.432,200,2.3,1.570796,1759,-34.6875,150.6375
6519,Southern Slopes (mainland),Southern Slopes (mainland),2160,120,342.212,200,2.3,1.570796,1513,-34.6875,150.5875
6520,Southern Slopes (mainland),Southern Slopes (mainland),2160,120,340.972,200,2.3,0,2280,-34.4125,150.8375
6521,Southern Slopes (mainland),Southern Slopes (mainland),2160,120,316.587,200,2.3,1.570796,3323,-37.5125,146.8875
6522,Southern Slopes (mainland),Southern Slopes (mainland),2160,120,303.217,200,2.3,0,1021,-34.6625,150.6125
6523,Southern Slopes (mainland),Southern Slopes (mainland),2160,120,301.908,200,2.3,0,1185,-34.6375,150.5875
6524,Southern Slopes (mainland),Southern Slopes (mainland),2160,120,291.058,200,2.3,1.570796,2705,-38.6375,143.7875
6525,Southern Slopes (mainland),Southern Slopes (mainland),2160,120,275.639,200,3.6,2.356194,1303,-34.6625,150.4875
6526,Southern Slopes (mainland),Southern Slopes (mainland),2160,120,274.04,200,2.3,2.356194,1111,-34.6875,150.6625
6527,Southern Slopes (mainland),Southern Slopes (mainland),2160,120,227.411,200,2.3,1.570796,2708,-38.4625,146.5625
6528,Southern Slopes (mainland),Southern Slopes (mainland),2160,120,486.354,500,1.5,2.356194,1688,-34.6125,150.6875
6529,Southern Slopes (mainland),Southern Slopes (mainland),2160,120,337.537,500,1.5,2.356194,1759,-34.6875,150.6125
6530,Southern Slopes (mainland),Southern Slopes (mainland),2160,120,307.977,500,2.3,1.570796,1513,-34.7125,150.4875
6531,Southern Slopes (mainland),Southern Slopes (mainland),2160,120,299.795,500,2.3,0,551,-34.8875,150.3125
6532,Southern Slopes (mainland),Southern Slopes (mainland),2160,120,282.525,500,2.3,0,2281,-34.4375,150.8375
6533,Southern Slopes (mainland),Southern Slopes (mainland),2160,120,276.777,500,2.3,1.570796,3323,-37.5125,146.9125
6534,Southern Slopes (mainland),Southern Slopes (mainland),2160,120,269.383,500,1.5,0,1021,-34.6625,150.6125
6535,Southern Slopes (mainland),Southern Slopes (mainland),2160,120,260.302,500,2.3,2.356194,2705,-38.5625,143.8125
6536,Southern Slopes (mainland),Southern Slopes (mainland),2160,120,249.239,500,3.6,2.356194,1303,-34.6625,150.3875
6537,Southern Slopes (mainland),Southern Slopes (mainland),2160,120,219.019,500,2.3,2.356194,534,-35.0625,150.3125
6538,Southern Slopes (mainland),Southern Slopes (mainland),2160,120,400.38,1000,2.3,0.7853982,1690,-34.5875,150.7125
6539,Southern Slopes (mainland),Southern Slopes (mainland),2160,120,326.93,1000,3.6,0.7853982,776,-34.6875,150.4625
6540,Southern Slopes (mainland),Southern Slopes (mainland),2160,120,275.25,1000,2.3,0.7853982,1759,-34.5875,150.6625
6541,Southern Slopes (mainland),Southern Slopes (mainland),2160,120,264.49,1000,2.3,0,1514,-34.8375,150.3625
6542,Southern Slopes (mainland),Southern Slopes (mainland),2160,120,258.97,1000,2.3,0,2226,-37.5375,148.4625
6543,Southern Slopes (mainland),Southern Slopes (mainland),2160,120,248,1000,1.5,2.3561945,3323,-37.5375,146.8625
6544,Southern Slopes (mainland),Southern Slopes (mainland),2160,120,242.53,1000,2.3,1.5707963,2248,-34.6875,150.5625
6545,Southern Slopes (mainland),Southern Slopes (mainland),2160,120,231.95,1000,3.6,0,2281,-34.4875,150.8125
6546,Southern Slopes (mainland),Southern Slopes (mainland),2160,120,224.88,1000,1.5,0.7853982,1021,-34.7375,150.5625
6547,Southern Slopes (mainland),Southern Slopes (mainland),2160,120,216.99,1000,2.3,0.7853982,644,-35.0375,150.4125
6548,Southern Slopes (mainland),Southern Slopes (mainland),2160,120,309.91,2500,2.3,0.7853982,776,-34.7875,150.3625
6549,Southern Slopes (mainland),Southern Slopes (mainland),2160,120,309.84,2500,2.3,0.7853982,552,-34.7375,150.4125
6550,Southern Slopes (mainland),Southern Slopes (mainland),2160,120,274.89,2500,1.5,0.7853982,532,-34.5875,150.7125
6551,Southern Slopes (mainland),Southern Slopes (mainland),2160,120,242,2500,1.5,0,1517,-34.8875,150.3125
6552,Southern Slopes (mainland),Southern Slopes (mainland),2160,120,233.19,2500,2.3,0.7853982,1759,-34.6875,150.5625
6553,Southern Slopes (mainland),Southern Slopes (mainland),2160,120,224.95,2500,1.5,0,2248,-34.8375,150.5125
6554,Southern Slopes (mainland),Southern Slopes (mainland),2160,120,213.52,2500,1.5,2.3561945,3323,-37.5375,146.9125
6555,Southern Slopes (mainland),Southern Slopes (mainland),2160,120,205.19,2500,1.5,0.7853982,644,-35.0375,150.4625
6556,Southern Slopes (mainland),Southern Slopes (mainland),2160,120,201.61,2500,2.3,0.7853982,1022,-34.8375,150.4125
6557,Southern Slopes (mainland),Southern Slopes (mainland),2160,120,190.59,2500,1.5,2.3561945,1296,-35.3375,149.7625
6558,Southern Slopes (mainland),Southern Slopes (mainland),2160,120,282.44,5000,2.3,0,552,-34.5875,150.4125
6559,Southern Slopes (mainland),Southern Slopes (mainland),2160,120,275.64,5000,1.5,0.7853982,776,-34.6875,150.3125
6560,Southern Slopes (mainland),Southern Slopes (mainland),2160,120,237.92,5000,1.5,0.7853982,71,-34.5875,150.4125
6561,Southern Slopes (mainland),Southern Slopes (mainland),2160,120,213.87,5000,2.3,0,533,-34.5875,150.7125
6562,Southern Slopes (mainland),Southern Slopes (mainland),2160,120,213.66,5000,1.5,0.7853982,1517,-34.7875,150.3125
6563,Southern Slopes (mainland),Southern Slopes (mainland),2160,120,183.27,5000,2.3,0.7853982,2249,-34.8875,150.4125
6564,Southern Slopes (mainland),Southern Slopes (mainland),2160,120,177.23,5000,1.5,1.5707963,3323,-37.4875,147.1125
6565,Southern Slopes (mainland),Southern Slopes (mainland),2160,120,177.17,5000,3.6,0.7853982,2434,-34.7875,150.4125
6566,Southern Slopes (mainland),Southern Slopes (mainland),2160,120,173.61,5000,1.5,0,1020,-34.5875,150.4125
6567,Southern Slopes (mainland),Southern Slopes (mainland),2160,120,168.43,5000,3.6,0,2227,-37.0875,148.6125
6568,Southern Slopes (mainland),Southern Slopes (mainland),2160,120,252.65,10000,1.5,0,552,-34.5875,150.4125
6569,Southern Slopes (mainland),Southern Slopes (mainland),2160,120,213.94,10000,2.3,1.5707963,2225,-37.5875,148.3125
6570,Southern Slopes (mainland),Southern Slopes (mainland),2160,120,204.25,10000,1.5,0,780,-35.0875,150.0125
6571,Southern Slopes (mainland),Southern Slopes (mainland),2160,120,180.71,10000,2.3,0.7853982,73,-34.9875,150.2125
6572,Southern Slopes (mainland),Southern Slopes (mainland),2160,120,179.12,10000,3.6,0.7853982,1304,-34.6875,150.3125
6573,Southern Slopes (mainland),Southern Slopes (mainland),2160,120,174.59,10000,1.5,2.3561945,2150,-34.9875,149.9125
6574,Southern Slopes (mainland),Southern Slopes (mainland),2160,120,158.97,10000,1.5,0,1521,-35.0875,150.1125
6575,Southern Slopes (mainland),Southern Slopes (mainland),2160,120,154.86,10000,1.5,1.5707963,3323,-37.5875,146.7125
6576,Southern Slopes (mainland),Southern Slopes (mainland),2160,120,153.61,10000,2.3,0.7853982,2249,-34.9875,150.3125
6577,Southern Slopes (mainland),Southern Slopes (mainland),2160,120,141.71,10000,2.3,0.7853982,1023,-35.0875,150.0125
6578,Southern Slopes (mainland),Southern Slopes (mainland),2160,120,183.02,20000,2.3,0.7853982,777,-34.9875,150.0125
6579,Southern Slopes (mainland),Southern Slopes (mainland),2160,120,142.18,20000,2.3,0.7853982,559,-35.1125,150.1375
6580,Southern Slopes (mainland),Southern Slopes (mainland),2160,120,136.39,20000,1.5,1.5707963,2148,-34.9875,149.8875
6581,Southern Slopes (mainland),Southern Slopes (mainland),2160,120,129.8,20000,2.3,0.7853982,73,-35.1125,150.1375
6582,Southern Slopes (mainland),Southern Slopes (mainland),2160,120,126.97,20000,1.5,0,2226,-36.8625,148.8875
6583,Southern Slopes (mainland),Southern Slopes (mainland),2160,120,112.44,20000,2.3,0.7853982,1294,-34.9875,150.0125
6584,Southern Slopes (mainland),Southern Slopes (mainland),2160,120,114.68,20000,3.6,1.5707963,3042,-37.6125,145.0125
6585,Southern Slopes (mainland),Southern Slopes (mainland),2160,120,112.47,20000,1.5,1.5707963,1519,-34.8625,149.8875
6586,Southern Slopes (mainland),Southern Slopes (mainland),2160,120,103.35,20000,2.3,0.7853982,1023,-35.1125,149.8875
6587,Southern Slopes (mainland),Southern Slopes (mainland),2160,120,107.46,20000,3.6,1.5707963,791,-37.4875,148.3875
6588,Southern Slopes (mainland),Southern Slopes (mainland),2160,120,149.78,40000,1.5,0.7853982,777,-34.9875,149.8875
6589,Southern Slopes (mainland),Southern Slopes (mainland),2160,120,111.72,40000,1.5,0,2150,-34.9875,149.8875
6590,Southern Slopes (mainland),Southern Slopes (mainland),2160,120,101.99,40000,2.3,0.7853982,1298,-34.8625,149.8875
6591,Southern Slopes (mainland),Southern Slopes (mainland),2160,120,99.72,40000,2.3,1.5707963,3044,-37.4875,144.8875
6592,Southern Slopes (mainland),Southern Slopes (mainland),2160,120,85.58,40000,1.5,1.5707963,316,-37.7375,144.5125
6593,Southern Slopes (mainland),Southern Slopes (mainland),2160,120,80.07,40000,1.5,1.5707963,1519,-34.8625,150.0125
6594,Southern Slopes (mainland),Southern Slopes (mainland),2160,120,78.08,40000,1.5,0.7853982,2438,-34.8625,150.0125
6595,Southern Slopes (mainland),Southern Slopes (mainland),2160,120,73.93,40000,3.6,0.7853982,1023,-34.9875,150.0125
6596,Southern Slopes (mainland),Southern Slopes (mainland),2160,120,74.81,40000,1.5,1.5707963,3322,-37.2375,147.6375
6597,Southern Slopes (mainland),Southern Slopes (mainland),2160,120,72.25,40000,1.5,0.7853982,664,-34.9875,150.0125
6598,Southern Slopes (mainland),Southern Slopes (mainland),2880,120,497.842,100,1.5,1.570796,1751,-34.6875,150.6625
6599,Southern Slopes (mainland),Southern Slopes (mainland),2880,120,417.919,100,1.5,1.570796,1504,-34.7125,150.6125
6600,Southern Slopes (mainland),Southern Slopes (mainland),2880,120,405.197,100,1.5,0,2276,-34.4125,150.8125
6601,Southern Slopes (mainland),Southern Slopes (mainland),2880,120,347.837,100,1.5,1.570796,2704,-38.6375,143.7625
6602,Southern Slopes (mainland),Southern Slopes (mainland),2880,120,346.529,100,1.5,0,1184,-34.6125,150.5875
6603,Southern Slopes (mainland),Southern Slopes (mainland),2880,120,338.408,100,3.6,2.356194,1296,-35.4125,149.9375
6604,Southern Slopes (mainland),Southern Slopes (mainland),2880,120,321.327,100,1.5,0,3278,-34.6625,150.5375
6605,Southern Slopes (mainland),Southern Slopes (mainland),2880,120,314.182,100,1.5,2.356194,1110,-34.6875,150.6625
6606,Southern Slopes (mainland),Southern Slopes (mainland),2880,120,304.668,100,3.6,2.356194,1736,-34.4625,150.7625
6607,Southern Slopes (mainland),Southern Slopes (mainland),2880,120,294.064,100,3.6,1.570796,2702,-38.4375,146.5875
6608,Southern Slopes (mainland),Southern Slopes (mainland),2880,120,654.614,200,2.3,0,1692,-34.5625,150.7125
6609,Southern Slopes (mainland),Southern Slopes (mainland),2880,120,437.684,200,2.3,1.570796,1751,-34.6875,150.6375
6610,Southern Slopes (mainland),Southern Slopes (mainland),2880,120,390.97,200,2.3,1.570796,1504,-34.6875,150.5875
6611,Southern Slopes (mainland),Southern Slopes (mainland),2880,120,371.847,200,2.3,0,2276,-34.4125,150.8375
6612,Southern Slopes (mainland),Southern Slopes (mainland),2880,120,333.326,200,2.3,0,1183,-34.6125,150.5875
6613,Southern Slopes (mainland),Southern Slopes (mainland),2880,120,332.659,200,2.3,1.570796,2704,-38.6375,143.7625
6614,Southern Slopes (mainland),Southern Slopes (mainland),2880,120,332.235,200,2.3,1.570796,3321,-37.5125,146.8875
6615,Southern Slopes (mainland),Southern Slopes (mainland),2880,120,311.045,200,3.6,2.356194,1289,-34.6625,150.4875
6616,Southern Slopes (mainland),Southern Slopes (mainland),2880,120,286.227,200,2.3,2.356194,1110,-34.6875,150.6625
6617,Southern Slopes (mainland),Southern Slopes (mainland),2880,120,283.023,200,2.3,1.570796,2702,-38.4625,146.5625
6618,Southern Slopes (mainland),Southern Slopes (mainland),2880,120,537.686,500,1.5,2.356194,1692,-34.6125,150.6875
6619,Southern Slopes (mainland),Southern Slopes (mainland),2880,120,354.779,500,2.3,1.570796,1504,-34.6875,150.5125
6620,Southern Slopes (mainland),Southern Slopes (mainland),2880,120,350.682,500,1.5,2.356194,1752,-34.6875,150.6125
6621,Southern Slopes (mainland),Southern Slopes (mainland),2880,120,312.954,500,2.3,0,549,-34.8875,150.3125
6622,Southern Slopes (mainland),Southern Slopes (mainland),2880,120,311.74,500,2.3,0,2276,-34.4375,150.8375
6623,Southern Slopes (mainland),Southern Slopes (mainland),2880,120,295.436,500,2.3,2.356194,2699,-38.5875,143.7875
6624,Southern Slopes (mainland),Southern Slopes (mainland),2880,120,292.217,500,2.3,1.570796,3321,-37.5125,146.9125
6625,Southern Slopes (mainland),Southern Slopes (mainland),2880,120,278.589,500,2.3,2.356194,1290,-34.6625,150.3875
6626,Southern Slopes (mainland),Southern Slopes (mainland),2880,120,260.784,500,2.3,1.570796,2702,-38.4625,146.6125
6627,Southern Slopes (mainland),Southern Slopes (mainland),2880,120,238.867,500,2.3,2.356194,528,-35.0625,150.3125
6628,Southern Slopes (mainland),Southern Slopes (mainland),2880,120,460.14,1000,2.3,0.7853982,1693,-34.5375,150.7125
6629,Southern Slopes (mainland),Southern Slopes (mainland),2880,120,404.91,1000,3.6,0.7853982,768,-34.6875,150.4625
6630,Southern Slopes (mainland),Southern Slopes (mainland),2880,120,304.02,1000,2.3,0,1505,-34.8375,150.3625
6631,Southern Slopes (mainland),Southern Slopes (mainland),2880,120,287.69,1000,2.3,0.7853982,1751,-34.5875,150.6625
6632,Southern Slopes (mainland),Southern Slopes (mainland),2880,120,275.01,1000,2.3,0,2281,-34.4875,150.8125
6633,Southern Slopes (mainland),Southern Slopes (mainland),2880,120,271.74,1000,2.3,1.5707963,1290,-34.5875,150.4125
6634,Southern Slopes (mainland),Southern Slopes (mainland),2880,120,254.58,1000,2.3,2.3561945,3321,-37.5375,146.8625
6635,Southern Slopes (mainland),Southern Slopes (mainland),2880,120,243.96,1000,3.6,0.7853982,2247,-34.8875,150.5125
6636,Southern Slopes (mainland),Southern Slopes (mainland),2880,120,241.45,1000,2.3,1.5707963,2700,-38.5875,143.7125
6637,Southern Slopes (mainland),Southern Slopes (mainland),2880,120,203.58,1000,2.3,0.7853982,2060,-34.8375,150.6125
6638,Southern Slopes (mainland),Southern Slopes (mainland),2880,120,382.17,2500,2.3,0.7853982,768,-34.7875,150.3625
6639,Southern Slopes (mainland),Southern Slopes (mainland),2880,120,321.68,2500,2.3,0.7853982,547,-34.7375,150.4125
6640,Southern Slopes (mainland),Southern Slopes (mainland),2880,120,286.87,2500,2.3,0.7853982,527,-34.7875,150.5625
6641,Southern Slopes (mainland),Southern Slopes (mainland),2880,120,274.76,2500,1.5,0,1505,-34.8375,150.3125
6642,Southern Slopes (mainland),Southern Slopes (mainland),2880,120,249.9,2500,1.5,0,1296,-35.4375,149.7625
6643,Southern Slopes (mainland),Southern Slopes (mainland),2880,120,244.94,2500,2.3,0.7853982,1753,-34.6875,150.5625
6644,Southern Slopes (mainland),Southern Slopes (mainland),2880,120,238.81,2500,1.5,0,2247,-34.8375,150.5125
6645,Southern Slopes (mainland),Southern Slopes (mainland),2880,120,229.99,2500,2.3,0.7853982,2283,-34.8875,150.5625
6646,Southern Slopes (mainland),Southern Slopes (mainland),2880,120,216.17,2500,2.3,1.5707963,3321,-37.5375,147.1125
6647,Southern Slopes (mainland),Southern Slopes (mainland),2880,120,194.95,2500,1.5,0.7853982,2703,-38.4875,146.6625
6648,Southern Slopes (mainland),Southern Slopes (mainland),2880,120,323.42,5000,3.6,0.7853982,768,-34.8875,150.2125
6649,Southern Slopes (mainland),Southern Slopes (mainland),2880,120,299.79,5000,1.5,0.7853982,54,-34.5875,150.4125
6650,Southern Slopes (mainland),Southern Slopes (mainland),2880,120,294.99,5000,2.3,0,550,-34.5875,150.4125
6651,Southern Slopes (mainland),Southern Slopes (mainland),2880,120,250.43,5000,1.5,0.7853982,1504,-34.6875,150.4125
6652,Southern Slopes (mainland),Southern Slopes (mainland),2880,120,236.38,5000,3.6,0.7853982,531,-34.9875,150.4125
6653,Southern Slopes (mainland),Southern Slopes (mainland),2880,120,216.52,5000,1.5,0.7853982,1288,-34.5875,150.4125
6654,Southern Slopes (mainland),Southern Slopes (mainland),2880,120,194.05,5000,2.3,0.7853982,2247,-34.8875,150.4125
6655,Southern Slopes (mainland),Southern Slopes (mainland),2880,120,189.99,5000,1.5,1.5707963,3321,-37.4875,147.1125
6656,Southern Slopes (mainland),Southern Slopes (mainland),2880,120,181.98,5000,3.6,0.7853982,2281,-34.8875,150.5125
6657,Southern Slopes (mainland),Southern Slopes (mainland),2880,120,166.93,5000,1.5,0,2703,-38.2875,146.6125
6658,Southern Slopes (mainland),Southern Slopes (mainland),2880,120,292.01,10000,2.3,0.7853982,768,-34.9875,150.1125
6659,Southern Slopes (mainland),Southern Slopes (mainland),2880,120,222.23,10000,2.3,0.7853982,552,-34.9875,150.2125
6660,Southern Slopes (mainland),Southern Slopes (mainland),2880,120,207.01,10000,2.3,0.7853982,1296,-34.9875,150.1125
6661,Southern Slopes (mainland),Southern Slopes (mainland),2880,120,207.25,10000,2.3,0.7853982,71,-34.9875,150.2125
6662,Southern Slopes (mainland),Southern Slopes (mainland),2880,120,190.51,10000,1.5,2.3561945,2147,-34.9875,149.9125
6663,Southern Slopes (mainland),Southern Slopes (mainland),2880,120,163.97,10000,1.5,1.5707963,55,-34.3875,150.9125
6664,Southern Slopes (mainland),Southern Slopes (mainland),2880,120,161.61,10000,2.3,0.7853982,2247,-34.9875,150.3125
6665,Southern Slopes (mainland),Southern Slopes (mainland),2880,120,144.92,10000,2.3,0.7853982,1701,-34.8875,150.3125
6666,Southern Slopes (mainland),Southern Slopes (mainland),2880,120,144.4,10000,1.5,2.3561945,1519,-34.9875,149.9125
6667,Southern Slopes (mainland),Southern Slopes (mainland),2880,120,144.73,10000,2.3,2.3561945,314,-37.5875,143.8125
6668,Southern Slopes (mainland),Southern Slopes (mainland),2880,120,216.3,20000,2.3,0.7853982,769,-34.9875,150.0125
6669,Southern Slopes (mainland),Southern Slopes (mainland),2880,120,177.29,20000,3.6,0.7853982,1291,-34.8625,150.1375
6670,Southern Slopes (mainland),Southern Slopes (mainland),2880,120,168.96,20000,2.3,0.7853982,548,-35.1125,150.1375
6671,Southern Slopes (mainland),Southern Slopes (mainland),2880,120,160.76,20000,2.3,0,2148,-35.1125,149.8875
6672,Southern Slopes (mainland),Southern Slopes (mainland),2880,120,150.9,20000,2.3,0.7853982,72,-35.1125,150.1375
6673,Southern Slopes (mainland),Southern Slopes (mainland),2880,120,128.54,20000,1.5,1.5707963,1506,-34.8625,149.8875
6674,Southern Slopes (mainland),Southern Slopes (mainland),2880,120,123.98,20000,3.6,0.7853982,1188,-34.7375,150.2625
6675,Southern Slopes (mainland),Southern Slopes (mainland),2880,120,116.12,20000,1.5,1.5707963,313,-37.8625,144.3875
6676,Southern Slopes (mainland),Southern Slopes (mainland),2880,120,111.42,20000,3.6,0,538,-35.1125,149.8875
6677,Southern Slopes (mainland),Southern Slopes (mainland),2880,120,101.74,20000,2.3,0.7853982,519,-35.1125,149.8875
6678,Southern Slopes (mainland),Southern Slopes (mainland),2880,120,176,40000,1.5,0.7853982,769,-34.9875,149.8875
6679,Southern Slopes (mainland),Southern Slopes (mainland),2880,120,131.37,40000,1.5,0,2148,-35.1125,149.8875
6680,Southern Slopes (mainland),Southern Slopes (mainland),2880,120,118.53,40000,2.3,0.7853982,1291,-34.8625,149.8875
6681,Southern Slopes (mainland),Southern Slopes (mainland),2880,120,109.7,40000,3.6,0,74,-35.1125,149.8875
6682,Southern Slopes (mainland),Southern Slopes (mainland),2880,120,96.24,40000,1.5,1.5707963,313,-37.7375,144.5125
6683,Southern Slopes (mainland),Southern Slopes (mainland),2880,120,92.09,40000,2.3,1.5707963,3320,-37.3625,147.7625
6684,Southern Slopes (mainland),Southern Slopes (mainland),2880,120,91.17,40000,1.5,1.5707963,1506,-34.8625,150.0125
6685,Southern Slopes (mainland),Southern Slopes (mainland),2880,120,84.05,40000,3.6,0.7853982,1179,-34.9875,150.0125
6686,Southern Slopes (mainland),Southern Slopes (mainland),2880,120,83.24,40000,3.6,0.7853982,1691,-34.9875,150.0125
6687,Southern Slopes (mainland),Southern Slopes (mainland),2880,120,87.86,40000,2.3,1.5707963,2706,-38.1125,145.2625
6688,Southern Slopes (mainland),Southern Slopes (mainland),4320,180,505.336,100,1.5,0,2272,-34.4125,150.8125
6689,Southern Slopes (mainland),Southern Slopes (mainland),4320,180,448.308,100,1.5,1.570796,1507,-34.6875,150.6375
6690,Southern Slopes (mainland),Southern Slopes (mainland),4320,180,434.559,100,1.5,1.570796,2697,-38.6375,143.7625
6691,Southern Slopes (mainland),Southern Slopes (mainland),4320,180,371.802,100,1.5,0,1177,-34.6125,150.5875
6692,Southern Slopes (mainland),Southern Slopes (mainland),4320,180,344.433,100,3.6,2.356194,1728,-34.4625,150.7625
6693,Southern Slopes (mainland),Southern Slopes (mainland),4320,180,337.23,100,1.5,1.570796,2693,-38.4375,146.5625
6694,Southern Slopes (mainland),Southern Slopes (mainland),4320,180,251.565,100,1.5,0,2738,-34.5125,150.7125
6695,Southern Slopes (mainland),Southern Slopes (mainland),4320,180,241.753,100,3.6,0,2881,-34.5625,150.8625
6696,Southern Slopes (mainland),Southern Slopes (mainland),4320,180,239.335,100,1.5,0,3318,-34.6375,150.5875
6697,Southern Slopes (mainland),Southern Slopes (mainland),4320,180,234.492,100,1.5,2.356194,2428,-34.7125,150.5875
6698,Southern Slopes (mainland),Southern Slopes (mainland),4320,180,461.572,200,1.5,0,2272,-34.4125,150.8125
6699,Southern Slopes (mainland),Southern Slopes (mainland),4320,180,438.099,200,3.6,2.356194,1284,-34.6625,150.4875
6700,Southern Slopes (mainland),Southern Slopes (mainland),4320,180,422.326,200,2.3,1.570796,1507,-34.6875,150.5875
6701,Southern Slopes (mainland),Southern Slopes (mainland),4320,180,415.867,200,2.3,1.570796,2697,-38.6375,143.7625
6702,Southern Slopes (mainland),Southern Slopes (mainland),4320,180,358.996,200,2.3,0,1177,-34.6125,150.5875
6703,Southern Slopes (mainland),Southern Slopes (mainland),4320,180,325.33,200,2.3,1.570796,2693,-38.4625,146.5625
6704,Southern Slopes (mainland),Southern Slopes (mainland),4320,180,300.681,200,2.3,0,1730,-34.6375,150.6625
6705,Southern Slopes (mainland),Southern Slopes (mainland),4320,180,294.922,200,3.6,2.356194,757,-35.8625,149.5875
6706,Southern Slopes (mainland),Southern Slopes (mainland),4320,180,232.518,200,2.3,0,2881,-34.5875,150.8375
6707,Southern Slopes (mainland),Southern Slopes (mainland),4320,180,194.578,200,1.5,1.570796,3,-37.6125,145.4625
6708,Southern Slopes (mainland),Southern Slopes (mainland),4320,180,598.467,500,1.5,2.356194,1684,-34.6125,150.6875
6709,Southern Slopes (mainland),Southern Slopes (mainland),4320,180,394.91,500,2.3,0,2271,-34.4375,150.8375
6710,Southern Slopes (mainland),Southern Slopes (mainland),4320,180,391.673,500,3.6,2.356194,1284,-34.6625,150.3875
6711,Southern Slopes (mainland),Southern Slopes (mainland),4320,180,385.59,500,2.3,1.570796,1509,-34.6875,150.5125
6712,Southern Slopes (mainland),Southern Slopes (mainland),4320,180,365.044,500,2.3,2.356194,2697,-38.5875,143.7875
6713,Southern Slopes (mainland),Southern Slopes (mainland),4320,180,338.871,500,1.5,0,554,-34.9875,150.2875
6714,Southern Slopes (mainland),Southern Slopes (mainland),4320,180,299.919,500,2.3,1.570796,2693,-38.4625,146.6125
6715,Southern Slopes (mainland),Southern Slopes (mainland),4320,180,271.893,500,2.3,2.356194,643,-35.0125,150.3125
6716,Southern Slopes (mainland),Southern Slopes (mainland),4320,180,187.131,500,1.5,1.570796,3,-37.6375,145.4375
6717,Southern Slopes (mainland),Southern Slopes (mainland),4320,180,157.871,500,2.3,1.570796,265,-37.7375,145.6375
6718,Southern Slopes (mainland),Southern Slopes (mainland),4320,180,527.57,1000,3.6,0.7853982,756,-34.6375,150.5125
6719,Southern Slopes (mainland),Southern Slopes (mainland),4320,180,523.17,1000,2.3,0.7853982,1684,-34.5375,150.7125
6720,Southern Slopes (mainland),Southern Slopes (mainland),4320,180,378.15,1000,2.3,1.5707963,1284,-34.5875,150.4125
6721,Southern Slopes (mainland),Southern Slopes (mainland),4320,180,334.51,1000,2.3,0,1512,-34.8375,150.3625
6722,Southern Slopes (mainland),Southern Slopes (mainland),4320,180,331.51,1000,2.3,0,2275,-34.4875,150.8125
6723,Southern Slopes (mainland),Southern Slopes (mainland),4320,180,300.14,1000,2.3,1.5707963,2698,-38.5875,143.7125
6724,Southern Slopes (mainland),Southern Slopes (mainland),4320,180,268.91,1000,2.3,0.7853982,2152,-36.0375,149.6125
6725,Southern Slopes (mainland),Southern Slopes (mainland),4320,180,266.34,1000,2.3,0.7853982,644,-35.0375,150.3625
6726,Southern Slopes (mainland),Southern Slopes (mainland),4320,180,239.18,1000,1.5,0,1731,-34.4875,150.7625
6727,Southern Slopes (mainland),Southern Slopes (mainland),4320,180,211.9,1000,2.3,0.7853982,2739,-35.0875,150.5125
6728,Southern Slopes (mainland),Southern Slopes (mainland),4320,180,483.91,2500,2.3,0.7853982,756,-34.7375,150.4125
6729,Southern Slopes (mainland),Southern Slopes (mainland),4320,180,341.5,2500,1.5,1.5707963,1284,-34.5875,150.4125
6730,Southern Slopes (mainland),Southern Slopes (mainland),4320,180,294.26,2500,1.5,0,2271,-34.4875,150.7625
6731,Southern Slopes (mainland),Southern Slopes (mainland),4320,180,292.84,2500,1.5,0,1508,-34.8375,150.3125
6732,Southern Slopes (mainland),Southern Slopes (mainland),4320,180,262.04,2500,1.5,0.7853982,2150,-35.9875,149.7125
6733,Southern Slopes (mainland),Southern Slopes (mainland),4320,180,241.55,2500,1.5,0,644,-34.9375,150.3625
6734,Southern Slopes (mainland),Southern Slopes (mainland),4320,180,226.27,2500,1.5,0.7853982,2693,-38.4875,146.6625
6735,Southern Slopes (mainland),Southern Slopes (mainland),4320,180,231.67,2500,2.3,0,661,-34.5875,150.6625
6736,Southern Slopes (mainland),Southern Slopes (mainland),4320,180,215.13,2500,2.3,2.3561945,509,-34.7875,150.3625
6737,Southern Slopes (mainland),Southern Slopes (mainland),4320,180,216.52,2500,2.3,0.7853982,32,-34.7375,150.3625
6738,Southern Slopes (mainland),Southern Slopes (mainland),4320,180,402.58,5000,3.6,0.7853982,758,-34.7875,150.3125
6739,Southern Slopes (mainland),Southern Slopes (mainland),4320,180,313.33,5000,2.3,0.7853982,53,-34.5875,150.4125
6740,Southern Slopes (mainland),Southern Slopes (mainland),4320,180,310.41,5000,1.5,0.7853982,1285,-34.5875,150.4125
6741,Southern Slopes (mainland),Southern Slopes (mainland),4320,180,254.4,5000,3.6,0.7853982,1511,-34.9875,150.2125
6742,Southern Slopes (mainland),Southern Slopes (mainland),4320,180,246.91,5000,1.5,0.7853982,2149,-35.9875,149.7125
6743,Southern Slopes (mainland),Southern Slopes (mainland),4320,180,245.86,5000,1.5,0,2273,-34.5875,150.7125
6744,Southern Slopes (mainland),Southern Slopes (mainland),4320,180,200.67,5000,1.5,0.7853982,32,-34.6875,150.3125
6745,Southern Slopes (mainland),Southern Slopes (mainland),4320,180,188.26,5000,1.5,0,2693,-38.2875,146.6125
6746,Southern Slopes (mainland),Southern Slopes (mainland),4320,180,185.03,5000,2.3,2.3561945,645,-34.7875,150.2125
6747,Southern Slopes (mainland),Southern Slopes (mainland),4320,180,172.3,5000,1.5,0.7853982,2737,-34.9875,150.4125
6748,Southern Slopes (mainland),Southern Slopes (mainland),4320,180,355.63,10000,2.3,0.7853982,758,-34.9875,150.1125
6749,Southern Slopes (mainland),Southern Slopes (mainland),4320,180,253.28,10000,3.6,0.7853982,1280,-34.6875,150.3125
6750,Southern Slopes (mainland),Southern Slopes (mainland),4320,180,234.22,10000,1.5,0.7853982,1511,-34.9875,150.2125
6751,Southern Slopes (mainland),Southern Slopes (mainland),4320,180,220.56,10000,2.3,0.7853982,529,-35.0875,150.3125
6752,Southern Slopes (mainland),Southern Slopes (mainland),4320,180,219.67,10000,1.5,0,2140,-35.6875,149.8125
6753,Southern Slopes (mainland),Southern Slopes (mainland),4320,180,186.72,10000,1.5,1.5707963,52,-34.3875,150.9125
6754,Southern Slopes (mainland),Southern Slopes (mainland),4320,180,169.7,10000,2.3,1.5707963,1683,-34.4875,150.8125
6755,Southern Slopes (mainland),Southern Slopes (mainland),4320,180,163.09,10000,2.3,0,647,-34.7875,150.3125
6756,Southern Slopes (mainland),Southern Slopes (mainland),4320,180,153.13,10000,1.5,0.7853982,2698,-38.1875,143.9125
6757,Southern Slopes (mainland),Southern Slopes (mainland),4320,180,142.22,10000,2.3,0.7853982,3317,-34.9875,150.2125
6758,Southern Slopes (mainland),Southern Slopes (mainland),4320,180,266.08,20000,2.3,0.7853982,756,-34.9875,150.0125
6759,Southern Slopes (mainland),Southern Slopes (mainland),4320,180,220.83,20000,3.6,0.7853982,1285,-34.8625,150.1375
6760,Southern Slopes (mainland),Southern Slopes (mainland),4320,180,185.21,20000,2.3,0.7853982,552,-35.1125,150.1375
6761,Southern Slopes (mainland),Southern Slopes (mainland),4320,180,166.94,20000,2.3,0.7853982,69,-34.9875,150.1375
6762,Southern Slopes (mainland),Southern Slopes (mainland),4320,180,140.42,20000,1.5,1.5707963,1510,-34.8625,149.8875
6763,Southern Slopes (mainland),Southern Slopes (mainland),4320,180,136.8,20000,2.3,0,3046,-37.4875,146.5125
6764,Southern Slopes (mainland),Southern Slopes (mainland),4320,180,131.32,20000,3.6,0,535,-35.2375,149.8875
6765,Southern Slopes (mainland),Southern Slopes (mainland),4320,180,121.39,20000,2.3,0.7853982,514,-35.1125,149.8875
6766,Southern Slopes (mainland),Southern Slopes (mainland),4320,180,122.83,20000,1.5,1.5707963,644,-34.9875,149.8875
6767,Southern Slopes (mainland),Southern Slopes (mainland),4320,180,121.11,20000,1.5,1.5707963,1685,-34.7375,150.0125
6768,Southern Slopes (mainland),Southern Slopes (mainland),4320,180,211.09,40000,1.5,0.7853982,760,-34.9875,149.8875
6769,Southern Slopes (mainland),Southern Slopes (mainland),4320,180,142.25,40000,3.6,0.7853982,1285,-34.9875,150.0125
6770,Southern Slopes (mainland),Southern Slopes (mainland),4320,180,140.04,40000,1.5,0,2144,-35.1125,149.7625
6771,Southern Slopes (mainland),Southern Slopes (mainland),4320,180,105.32,40000,3.6,0.7853982,1510,-34.9875,150.0125
6772,Southern Slopes (mainland),Southern Slopes (mainland),4320,180,102.54,40000,3.6,0.7853982,1687,-34.9875,150.0125
6773,Southern Slopes (mainland),Southern Slopes (mainland),4320,180,105.69,40000,2.3,0.7853982,2735,-34.8625,149.8875
6774,Southern Slopes (mainland),Southern Slopes (mainland),4320,180,97.83,40000,3.6,0.7853982,1171,-34.9875,150.0125
6775,Southern Slopes (mainland),Southern Slopes (mainland),4320,180,101.73,40000,2.3,1.5707963,2701,-38.1125,145.2625
6776,Southern Slopes (mainland),Southern Slopes (mainland),4320,180,98.44,40000,3.6,1.5707963,3319,-37.3625,147.7625
6777,Southern Slopes (mainland),Southern Slopes (mainland),4320,180,94.27,40000,1.5,0.7853982,664,-34.9875,150.0125
6778,Southern Slopes (mainland),Southern Slopes (mainland),5760,180,554.337,100,1.5,0,2270,-34.4125,150.8125
6779,Southern Slopes (mainland),Southern Slopes (mainland),5760,180,466.686,100,1.5,1.5707963,1499,-34.6875,150.6375
6780,Southern Slopes (mainland),Southern Slopes (mainland),5760,180,448.731,100,1.5,1.5707963,2695,-38.6375,143.7375
6781,Southern Slopes (mainland),Southern Slopes (mainland),5760,180,347.928,100,3.6,2.3561945,1726,-34.4625,150.7625
6782,Southern Slopes (mainland),Southern Slopes (mainland),5760,180,298.843,100,3.6,0,2876,-34.5625,150.8625
6783,Southern Slopes (mainland),Southern Slopes (mainland),5760,180,244.835,100,1.5,0.7853982,2035,-34.5875,150.6125
6784,Southern Slopes (mainland),Southern Slopes (mainland),5760,180,157.595,100,3.6,1.5707963,1273,-34.7375,149.9625
6785,Southern Slopes (mainland),Southern Slopes (mainland),5760,180,137.626,100,1.5,1.5707963,1975,-37.8875,146.6875
6786,Southern Slopes (mainland),Southern Slopes (mainland),5760,180,132.819,100,3.6,2.3561945,702,-38.4125,146.4625
6787,Southern Slopes (mainland),Murray Basin,5760,180,240.547,100,1.5,0.7853982,506,-35.4875,148.8875
6788,Southern Slopes (mainland),Southern Slopes (mainland),5760,180,483.772,200,2.3,0,2269,-34.4375,150.8375
6789,Southern Slopes (mainland),Southern Slopes (mainland),5760,180,443.446,200,2.3,1.570796,1499,-34.6875,150.5875
6790,Southern Slopes (mainland),Southern Slopes (mainland),5760,180,429.243,200,2.3,1.570796,2695,-38.6375,143.7625
6791,Southern Slopes (mainland),Southern Slopes (mainland),5760,180,306.862,200,2.3,0,1725,-34.6375,150.6625
6792,Southern Slopes (mainland),Southern Slopes (mainland),5760,180,297.29,200,3.6,2.356194,749,-35.8625,149.5875
6793,Southern Slopes (mainland),Southern Slopes (mainland),5760,180,288.792,200,2.3,0,2874,-34.6125,150.8375
6794,Southern Slopes (mainland),Southern Slopes (mainland),5760,180,149.715,200,2.3,0,207,-37.9625,145.3625
6795,Southern Slopes (mainland),Southern Slopes (mainland),5760,180,133.606,200,2.3,1.570796,2696,-38.0375,145.5375
6796,Southern Slopes (mainland),Murray Basin,5760,180,209.8,200,3.6,1.570796,1281,-35.7125,149.4125
6797,Southern Slopes (mainland),Murray Basin,5760,180,173.735,200,2.3,1.570796,549,-35.9375,149.4875
6798,Southern Slopes (mainland),Southern Slopes (mainland),5760,180,624.959,500,1.5,2.356194,1676,-34.6125,150.6875
6799,Southern Slopes (mainland),Southern Slopes (mainland),5760,180,463.898,500,2.3,2.356194,751,-35.0875,150.1875
6800,Southern Slopes (mainland),Southern Slopes (mainland),5760,180,449.639,500,2.3,0,2270,-34.4375,150.8125
6801,Southern Slopes (mainland),Southern Slopes (mainland),5760,180,408.596,500,2.3,1.570796,1499,-34.6875,150.5125
6802,Southern Slopes (mainland),Southern Slopes (mainland),5760,180,403.044,500,3.6,2.356194,1273,-34.6625,150.3875
6803,Southern Slopes (mainland),Southern Slopes (mainland),5760,180,376.198,500,2.3,2.356194,2695,-38.5875,143.7875
6804,Southern Slopes (mainland),Southern Slopes (mainland),5760,180,357.527,500,1.5,0,543,-34.9875,150.2875
6805,Southern Slopes (mainland),Southern Slopes (mainland),5760,180,300.394,500,2.3,2.356194,2142,-36.0375,149.5875
6806,Southern Slopes (mainland),Southern Slopes (mainland),5760,180,259.219,500,2.3,0,2874,-34.5875,150.8125
6807,Southern Slopes (mainland),Southern Slopes (mainland),5760,180,189.658,500,1.5,1.570796,2,-37.6375,145.4375
6808,Southern Slopes (mainland),Southern Slopes (mainland),5760,180,539.63,1000,3.6,0.7853982,738,-34.6375,150.5125
6809,Southern Slopes (mainland),Southern Slopes (mainland),5760,180,540.62,1000,2.3,0.7853982,1675,-34.5375,150.7125
6810,Southern Slopes (mainland),Southern Slopes (mainland),5760,180,424.73,1000,2.3,0.7853982,2268,-34.8375,150.6125
6811,Southern Slopes (mainland),Southern Slopes (mainland),5760,180,387.49,1000,2.3,1.5707963,1274,-34.5875,150.4125
6812,Southern Slopes (mainland),Southern Slopes (mainland),5760,180,374.24,1000,2.3,1.5707963,1497,-34.6875,150.4125
6813,Southern Slopes (mainland),Southern Slopes (mainland),5760,180,312.13,1000,2.3,1.5707963,2694,-38.5875,143.7125
6814,Southern Slopes (mainland),Southern Slopes (mainland),5760,180,293.12,1000,2.3,0.7853982,2141,-36.0375,149.6125
6815,Southern Slopes (mainland),Southern Slopes (mainland),5760,180,275.71,1000,2.3,0.7853982,644,-35.0375,150.3625
6816,Southern Slopes (mainland),Southern Slopes (mainland),5760,180,247.44,1000,1.5,0,1729,-34.4875,150.7625
6817,Southern Slopes (mainland),Southern Slopes (mainland),5760,180,216.2,1000,2.3,0.7853982,2734,-35.0875,150.5125
6818,Southern Slopes (mainland),Southern Slopes (mainland),5760,180,493.6,2500,2.3,0.7853982,738,-34.7375,150.4125
6819,Southern Slopes (mainland),Southern Slopes (mainland),5760,180,349.5,2500,1.5,1.5707963,1276,-34.5875,150.4125
6820,Southern Slopes (mainland),Southern Slopes (mainland),5760,180,317.7,2500,2.3,0,1502,-34.8375,150.3625
6821,Southern Slopes (mainland),Southern Slopes (mainland),5760,180,304.63,2500,1.5,0,2262,-34.4875,150.7625
6822,Southern Slopes (mainland),Southern Slopes (mainland),5760,180,288.74,2500,1.5,0.7853982,2143,-35.9875,149.7125
6823,Southern Slopes (mainland),Southern Slopes (mainland),5760,180,262.54,2500,1.5,0.7853982,644,-34.9875,150.4125
6824,Southern Slopes (mainland),Southern Slopes (mainland),5760,180,251.71,2500,2.3,0,662,-34.5875,150.6625
6825,Southern Slopes (mainland),Southern Slopes (mainland),5760,180,243.15,2500,2.3,0.7853982,30,-34.7375,150.3625
6826,Southern Slopes (mainland),Southern Slopes (mainland),5760,180,205.63,2500,1.5,0.7853982,1726,-34.4875,150.7625
6827,Southern Slopes (mainland),Southern Slopes (mainland),5760,180,202.74,2500,1.5,0.7853982,2734,-35.0875,150.4625
6828,Southern Slopes (mainland),Southern Slopes (mainland),5760,180,409.88,5000,3.6,0.7853982,750,-34.7875,150.3125
6829,Southern Slopes (mainland),Southern Slopes (mainland),5760,180,321.29,5000,1.5,0.7853982,2269,-34.7875,150.5125
6830,Southern Slopes (mainland),Southern Slopes (mainland),5760,180,317.85,5000,1.5,0.7853982,1275,-34.5875,150.4125
6831,Southern Slopes (mainland),Southern Slopes (mainland),5760,180,285.08,5000,3.6,0.7853982,1677,-34.5875,150.6125
6832,Southern Slopes (mainland),Southern Slopes (mainland),5760,180,286.37,5000,1.5,0.7853982,1500,-34.6875,150.4125
6833,Southern Slopes (mainland),Southern Slopes (mainland),5760,180,272.98,5000,1.5,0.7853982,2143,-35.9875,149.7125
6834,Southern Slopes (mainland),Southern Slopes (mainland),5760,180,225.98,5000,1.5,0.7853982,31,-34.6875,150.3125
6835,Southern Slopes (mainland),Southern Slopes (mainland),5760,180,194.08,5000,2.3,2.3561945,645,-34.7875,150.2125
6836,Southern Slopes (mainland),Southern Slopes (mainland),5760,180,168.56,5000,1.5,0,2692,-38.2875,143.8125
6837,Southern Slopes (mainland),Southern Slopes (mainland),5760,180,132.35,5000,1.5,2.3561945,166,-34.9875,150.1125
6838,Southern Slopes (mainland),Southern Slopes (mainland),5760,180,361.54,10000,2.3,0.7853982,758,-34.9875,150.1125
6839,Southern Slopes (mainland),Southern Slopes (mainland),5760,180,273.99,10000,3.6,0.7853982,1277,-34.9875,150.1125
6840,Southern Slopes (mainland),Southern Slopes (mainland),5760,180,243.65,10000,1.5,0.7853982,1498,-34.9875,150.2125
6841,Southern Slopes (mainland),Southern Slopes (mainland),5760,180,234.33,10000,2.3,0.7853982,525,-35.0875,150.3125
6842,Southern Slopes (mainland),Southern Slopes (mainland),5760,180,201.63,10000,3.6,0.7853982,1671,-34.7875,150.3125
6843,Southern Slopes (mainland),Southern Slopes (mainland),5760,180,197.81,10000,1.5,1.5707963,49,-34.3875,150.9125
6844,Southern Slopes (mainland),Southern Slopes (mainland),5760,180,180.32,10000,2.3,0,645,-34.7875,150.3125
6845,Southern Slopes (mainland),Southern Slopes (mainland),5760,180,175.2,10000,2.3,0.7853982,33,-34.6875,150.3125
6846,Southern Slopes (mainland),Southern Slopes (mainland),5760,180,157.83,10000,1.5,0.7853982,2692,-38.1875,143.9125
6847,Southern Slopes (mainland),Southern Slopes (mainland),5760,180,135.7,10000,1.5,0.7853982,1,-38.1875,143.8125
6848,Southern Slopes (mainland),Southern Slopes (mainland),5760,180,228.37,20000,3.6,0.7853982,1275,-34.8625,150.1375
6849,Southern Slopes (mainland),Southern Slopes (mainland),5760,180,196.48,20000,2.3,0.7853982,544,-35.1125,150.1375
6850,Southern Slopes (mainland),Southern Slopes (mainland),5760,180,190.14,20000,2.3,0,2144,-35.2375,149.7625
6851,Southern Slopes (mainland),Southern Slopes (mainland),5760,180,180.68,20000,2.3,0.7853982,69,-34.9875,150.1375
6852,Southern Slopes (mainland),Southern Slopes (mainland),5760,180,181.21,20000,3.6,0.7853982,1678,-34.8625,150.1375
6853,Southern Slopes (mainland),Southern Slopes (mainland),5760,180,133.51,20000,3.6,0,530,-35.1125,150.0125
6854,Southern Slopes (mainland),Southern Slopes (mainland),5760,180,125.16,20000,2.3,0.7853982,505,-35.1125,149.8875
6855,Southern Slopes (mainland),Southern Slopes (mainland),5760,180,128.48,20000,3.6,0.7853982,32,-34.8625,150.0125
6856,Southern Slopes (mainland),Southern Slopes (mainland),5760,180,128.66,20000,1.5,1.5707963,2269,-34.7375,150.0125
6857,Southern Slopes (mainland),Southern Slopes (mainland),5760,180,122.66,20000,3.6,0.7853982,660,-35.1125,150.0125
6858,Southern Slopes (mainland),Southern Slopes (mainland),5760,180,223.3,40000,1.5,0.7853982,756,-34.9875,149.8875
6859,Southern Slopes (mainland),Southern Slopes (mainland),5760,180,147.47,40000,3.6,0.7853982,1279,-34.9875,150.0125
6860,Southern Slopes (mainland),Southern Slopes (mainland),5760,180,120.21,40000,2.3,0.7853982,1680,-34.7375,150.0125
6861,Southern Slopes (mainland),Southern Slopes (mainland),5760,180,112.01,40000,1.5,0.7853982,2728,-34.9875,149.8875
6862,Southern Slopes (mainland),Southern Slopes (mainland),5760,180,108.64,40000,1.5,0.7853982,660,-34.9875,150.0125
6863,Southern Slopes (mainland),Southern Slopes (mainland),5760,180,106.8,40000,1.5,0.7853982,2269,-34.9875,150.0125
6864,Southern Slopes (mainland),Southern Slopes (mainland),5760,180,111.58,40000,2.3,1.5707963,2695,-38.1125,145.2625
6865,Southern Slopes (mainland),Southern Slopes (mainland),5760,180,100.54,40000,3.6,0.7853982,1169,-34.9875,150.0125
6866,Southern Slopes (mainland),Southern Slopes (mainland),5760,180,87.89,40000,1.5,0.7853982,171,-34.9875,149.8875
6867,Southern Slopes (mainland),Southern Slopes (mainland),5760,180,66.5,40000,1.5,0,1974,-36.8625,149.0125
6868,Southern Slopes (mainland),Southern Slopes (mainland),7200,180,555.094,100,1.5,0,2267,-34.4125,150.8125
6869,Southern Slopes (mainland),Southern Slopes (mainland),7200,180,449.315,100,1.5,1.5707963,2690,-38.6375,143.7375
6870,Southern Slopes (mainland),Southern Slopes (mainland),7200,180,322.995,100,3.6,0,2873,-34.5625,150.8625
6871,Southern Slopes (mainland),Southern Slopes (mainland),7200,180,252.149,100,1.5,0.7853982,2026,-34.5875,150.6125
6872,Southern Slopes (mainland),Southern Slopes (Tasmania),7200,180,187.828,100,1.5,1.5707963,3124,-41.8875,145.5875
6873,Southern Slopes (mainland),East Coast (South),7200,180,675.567,100,1.5,0,1666,-34.3375,150.8625
6874,Southern Slopes (mainland),East Coast (South),7200,180,541.351,100,3.6,2.3561945,3496,-30.4375,152.9375
6875,Southern Slopes (mainland),East Coast (South),7200,180,479.535,100,3.6,2.3561945,3385,-28.4375,153.1875
6876,Southern Slopes (mainland),East Coast (South),7200,180,333.515,100,3.6,1.5707963,3175,-30.3125,152.9625
6877,Southern Slopes (mainland),East Coast (South),7200,180,260.059,100,3.6,1.5707963,3526,-33.6875,150.5125
6878,Southern Slopes (mainland),Southern Slopes (mainland),7200,180,767.678,200,1.5,2.3561945,1662,-34.5875,150.6875
6879,Southern Slopes (mainland),Southern Slopes (mainland),7200,180,485.02,200,2.3,0,2267,-34.4375,150.8375
6880,Southern Slopes (mainland),Southern Slopes (mainland),7200,180,429.8,200,2.3,1.5707963,2690,-38.6375,143.7625
6881,Southern Slopes (mainland),Southern Slopes (mainland),7200,180,312.458,200,2.3,0,2873,-34.6125,150.8375
6882,Southern Slopes (mainland),Murray Basin,7200,180,193.667,200,2.3,0.7853982,1673,-35.8125,149.4125
6883,Southern Slopes (mainland),Murray Basin,7200,180,164.725,200,2.3,0,480,-35.5375,148.9125
6884,Southern Slopes (mainland),Murray Basin,7200,180,108.955,200,2.3,1.5707963,493,-35.8875,149.3375
6885,Southern Slopes (mainland),Southern Slopes (Tasmania),7200,180,189.741,200,2.3,0,2988,-41.9875,145.6125
6886,Southern Slopes (mainland),East Coast (South),7200,180,744.933,200,3.6,0,401,-28.3375,153.2625
6887,Southern Slopes (mainland),East Coast (South),7200,180,686.358,200,2.3,0,455,-28.2875,153.2625
6888,Southern Slopes (mainland),Southern Slopes (mainland),7200,180,681.993,500,1.5,2.3561945,1662,-34.5875,150.6875
6889,Southern Slopes (mainland),Southern Slopes (mainland),7200,180,451.284,500,2.3,0,2267,-34.4375,150.8125
6890,Southern Slopes (mainland),Southern Slopes (mainland),7200,180,376.646,500,2.3,2.3561945,2690,-38.5875,143.7875
6891,Southern Slopes (mainland),Southern Slopes (mainland),7200,180,303.687,500,2.3,2.3561945,2139,-36.0375,149.5875
6892,Southern Slopes (mainland),Southern Slopes (mainland),7200,180,282.16,500,2.3,0,2873,-34.5875,150.8125
6893,Southern Slopes (mainland),Southern Slopes (mainland),7200,180,149.063,500,2.3,0.7853982,206,-37.9875,145.4375
6894,Southern Slopes (mainland),Murray Basin,7200,180,272.35,500,2.3,1.5707963,1278,-35.7125,149.5125
6895,Southern Slopes (mainland),Murray Basin,7200,180,152.041,500,2.3,0.7853982,480,-35.5375,148.9375
6896,Southern Slopes (mainland),East Coast (South),7200,180,609.271,500,2.3,2.3561945,97,-28.2875,153.1875
6897,Southern Slopes (mainland),East Coast (South),7200,180,524.992,500,2.3,0.7853982,724,-28.2625,153.3625
6898,Southern Slopes (mainland),Southern Slopes (mainland),7200,180,588.95,1000,2.3,0.7853982,1665,-34.5375,150.7125
6899,Southern Slopes (mainland),Southern Slopes (mainland),7200,180,547.79,1000,3.6,0.7853982,734,-34.6375,150.5125
6900,Southern Slopes (mainland),Southern Slopes (mainland),7200,180,425.93,1000,2.3,0.7853982,2265,-34.8375,150.6125
6901,Southern Slopes (mainland),Southern Slopes (mainland),7200,180,313.77,1000,2.3,1.5707963,2691,-38.5875,143.7125
6902,Southern Slopes (mainland),Southern Slopes (mainland),7200,180,298.16,1000,2.3,0.7853982,2138,-36.0375,149.6125
6903,Southern Slopes (mainland),Southern Slopes (mainland),7200,180,230.8,1000,3.6,0.7853982,2879,-34.8375,150.6125
6904,Southern Slopes (mainland),Southern Slopes (mainland),7200,180,192.54,1000,2.3,0,634,-34.8875,150.6125
6905,Southern Slopes (mainland),Southern Slopes (mainland),7200,180,158.8,1000,2.3,0.7853982,542,-35.0875,150.2625
6906,Southern Slopes (mainland),Southern Slopes (mainland),7200,180,143.84,1000,3.6,2.3561945,206,-38.1375,145.5125
6907,Southern Slopes (mainland),Southern Slopes (mainland),7200,180,133.6,1000,3.6,0,701,-38.1375,146.2125
6908,Southern Slopes (mainland),Southern Slopes (mainland),7200,180,291.24,2500,1.5,0.7853982,2138,-35.9875,149.7125
6909,Southern Slopes (mainland),Southern Slopes (mainland),7200,180,247.47,2500,2.3,0.7853982,27,-34.7375,150.3625
6910,Southern Slopes (mainland),Southern Slopes (mainland),7200,180,203.39,2500,2.3,0.7853982,2872,-34.8875,150.5625
6911,Southern Slopes (mainland),Southern Slopes (mainland),7200,180,140.02,2500,2.3,2.3561945,205,-38.1875,145.5625
6912,Southern Slopes (mainland),Southern Slopes (mainland),7200,180,126.8,2500,1.5,0,703,-38.1875,146.2125
6913,Southern Slopes (mainland),Murray Basin,7200,180,127.7,2500,3.6,1.5707963,3016,-36.3375,149.4125
6914,Southern Slopes (mainland),Murray Basin,7200,180,122.37,2500,3.6,0,22,-37.3875,146.2125
6915,Southern Slopes (mainland),Southern Slopes (Tasmania),7200,180,120.25,2500,2.3,1.5707963,2882,-41.4375,147.7625
6916,Southern Slopes (mainland),Southern Slopes (Tasmania),7200,180,95.53,2500,1.5,2.3561945,3367,-40.9875,145.0625
6917,Southern Slopes (mainland),East Coast (South),7200,180,445.84,2500,2.3,0,3493,-30.4375,152.8625
6918,Southern Slopes (mainland),Southern Slopes (mainland),7200,180,322.68,5000,1.5,0.7853982,2266,-34.7875,150.5125
6919,Southern Slopes (mainland),Southern Slopes (mainland),7200,180,309.67,5000,3.6,0.7853982,1670,-34.6875,150.5125
6920,Southern Slopes (mainland),Southern Slopes (mainland),7200,180,275.13,5000,1.5,0.7853982,2138,-35.9875,149.7125
6921,Southern Slopes (mainland),Southern Slopes (mainland),7200,180,230.21,5000,1.5,0.7853982,27,-34.6875,150.3125
6922,Southern Slopes (mainland),Southern Slopes (mainland),7200,180,129.24,5000,1.5,2.3561945,204,-38.1875,145.6125
6923,Southern Slopes (mainland),Southern Slopes (mainland),7200,180,112.12,5000,1.5,0.7853982,541,-35.0875,150.1125
6924,Southern Slopes (mainland),Murray Basin,7200,180,122.61,5000,1.5,2.3561945,2740,-36.3875,149.3125
6925,Southern Slopes (mainland),East Coast (South),7200,180,421.78,5000,1.5,0.7853982,2664,-30.3875,152.4125
6926,Southern Slopes (mainland),East Coast (South),7200,180,385.46,5000,1.5,0,877,-28.4875,153.3125
6927,Southern Slopes (mainland),East Coast (South),7200,180,359.95,5000,1.5,0.7853982,1262,-28.8875,153.1125
6928,Southern Slopes (mainland),Southern Slopes (mainland),7200,180,251.91,10000,3.6,0.7853982,1672,-34.9875,150.2125
6929,Southern Slopes (mainland),Southern Slopes (mainland),7200,180,206.22,10000,1.5,1.5707963,40,-34.3875,150.9125
6930,Southern Slopes (mainland),Southern Slopes (mainland),7200,180,134.34,10000,2.3,0.7853982,163,-34.9875,150.1125
6931,Southern Slopes (mainland),Murray Basin,7200,180,135.41,10000,3.6,2.3561945,66,-35.7875,149.4125
6932,Southern Slopes (mainland),Murray Basin,7200,180,108.18,10000,2.3,2.3561945,3015,-36.1875,149.2125
6933,Southern Slopes (mainland),Southern Slopes (Tasmania),7200,180,125.25,10000,1.5,2.3561945,3520,-42.6875,145.8125
6934,Southern Slopes (mainland),East Coast (South),7200,180,365.79,10000,3.6,0,2661,-30.7875,152.5125
6935,Southern Slopes (mainland),East Coast (South),7200,180,356.64,10000,2.3,0.7853982,3495,-30.7875,152.5125
6936,Southern Slopes (mainland),East Coast (South),7200,180,324.8,10000,1.5,0,2026,-29.6875,152.8125
6937,Southern Slopes (mainland),East Coast (South),7200,180,313.04,10000,2.3,2.3561945,7,-30.0875,152.5125
6938,Southern Slopes (mainland),Southern Slopes (mainland),7200,180,201.94,20000,3.6,0.7853982,1664,-34.8625,150.1375
6939,Southern Slopes (mainland),Southern Slopes (mainland),7200,180,182.36,20000,2.3,0.7853982,68,-34.9875,150.1375
6940,Southern Slopes (mainland),Southern Slopes (mainland),7200,180,134.61,20000,3.6,0.7853982,28,-34.8625,150.0125
6941,Southern Slopes (mainland),Southern Slopes (mainland),7200,180,109.56,20000,2.3,0.7853982,167,-34.9875,150.0125
6942,Southern Slopes (mainland),Murray Basin,7200,180,160.7,20000,3.6,1.5707963,597,-33.8625,149.3875
6943,Southern Slopes (mainland),Murray Basin,7200,180,101.72,20000,3.6,1.5707963,2264,-34.8625,149.5125
6944,Southern Slopes (mainland),East Coast (South),7200,180,395.91,20000,2.3,0,454,-29.6125,152.8875
6945,Southern Slopes (mainland),East Coast (South),7200,180,311.64,20000,2.3,0,2660,-30.7375,152.5125
6946,Southern Slopes (mainland),East Coast (South),7200,180,274.98,20000,2.3,0,2027,-29.6125,152.7625
6947,Southern Slopes (mainland),East Coast (South),7200,180,271.06,20000,2.3,0,1261,-29.1125,153.0125
6948,Southern Slopes (mainland),Southern Slopes (mainland),7200,180,120.32,40000,1.5,0.7853982,1656,-34.8625,150.0125
6949,Southern Slopes (mainland),Southern Slopes (mainland),7200,180,109.55,40000,1.5,0.7853982,659,-34.9875,150.0125
6950,Southern Slopes (mainland),Southern Slopes (mainland),7200,180,107.64,40000,1.5,0.7853982,2264,-34.9875,150.0125
6951,Southern Slopes (mainland),Murray Basin,7200,180,146.83,40000,1.5,1.5707963,596,-33.9875,149.6375
6952,Southern Slopes (mainland),East Coast (South),7200,180,296.46,40000,2.3,0,456,-28.9875,152.8875
6953,Southern Slopes (mainland),East Coast (South),7200,180,205.66,40000,2.3,0,881,-28.9875,152.8875
6954,Southern Slopes (mainland),East Coast (South),7200,180,204.81,40000,1.5,0,1261,-29.3625,152.8875
6955,Southern Slopes (mainland),East Coast (South),7200,180,151.16,40000,3.6,0.7853982,696,-32.8625,151.3875
6956,Southern Slopes (mainland),East Coast (South),7200,180,89.75,40000,2.3,1.5707963,326,-32.9875,150.1375
6957,Southern Slopes (mainland),Central Slopes,7200,180,184.82,40000,3.6,0.7853982,144,-27.3625,151.8875
6958,Southern Slopes (mainland),Southern Slopes (Tasmania),8640,180,215.556,100,1.5,1.570796,2799,-41.8875,145.6125
6959,Southern Slopes (mainland),Southern Slopes (Tasmania),8640,180,212.582,100,1.5,1.570796,3123,-41.8875,145.5875
6960,Southern Slopes (mainland),Southern Slopes (Tasmania),8640,180,204.763,100,1.5,2.356194,2796,-41.9125,145.5875
6961,Southern Slopes (mainland),East Coast (South),8640,180,721.499,100,1.5,0,1658,-34.3375,150.8625
6962,Southern Slopes (mainland),East Coast (South),8640,180,512.308,100,3.6,2.356194,3384,-28.4375,153.1875
6963,Southern Slopes (mainland),East Coast (South),8640,180,338.999,100,3.6,1.570796,3171,-30.3125,152.9625
6964,Southern Slopes (mainland),East Coast (South),8640,180,312.826,100,3.6,2.356194,2871,-34.0625,151.1625
6965,Southern Slopes (mainland),East Coast (South),8640,180,276.877,100,3.6,1.570796,3524,-33.6875,150.5125
6966,Southern Slopes (mainland),S-SW Flatlands (West),8640,180,198.061,100,1.5,0,805,-31.9625,116.1875
6967,Southern Slopes (mainland),Monsoonal North,8640,180,425.38,100,1.5,0,1835,-12.3875,130.9625
6968,Southern Slopes (mainland),Southern Slopes (mainland),8640,180,813.459,200,1.5,2.3561945,1657,-34.5875,150.6875
6969,Southern Slopes (mainland),Murray Basin,8640,180,201.646,200,2.3,0.7853982,1662,-35.8125,149.4125
6970,Southern Slopes (mainland),East Coast (South),8640,180,677.568,200,3.6,0,90,-28.3375,153.2625
6971,Southern Slopes (mainland),East Coast (South),8640,180,526.545,200,1.5,1.5707963,3384,-28.4875,153.1125
6972,Southern Slopes (mainland),East Coast (South),8640,180,488.918,200,3.6,0,870,-28.3375,153.3625
6973,Southern Slopes (mainland),East Coast (South),8640,180,466.618,200,2.3,0.7853982,331,-28.2875,153.3125
6974,Southern Slopes (mainland),East Coast (South),8640,180,386.383,200,2.3,0,141,-28.3375,153.2375
6975,Southern Slopes (mainland),East Coast (South),8640,180,316.578,200,2.3,1.5707963,3169,-30.3125,152.9875
6976,Southern Slopes (mainland),East Coast (South),8640,180,304.505,200,2.3,2.3561945,2871,-34.1125,151.0375
6977,Southern Slopes (mainland),East Coast (South),8640,180,280.491,200,3.6,1.5707963,3524,-33.6875,150.4875
6978,Southern Slopes (mainland),Southern Slopes (mainland),8640,180,725.358,500,1.5,2.3561945,1657,-34.5875,150.6875
6979,Southern Slopes (mainland),East Coast (South),8640,180,648.7,500,2.3,2.3561945,88,-28.2625,153.1875
6980,Southern Slopes (mainland),East Coast (South),8640,180,587.489,500,2.3,0,2009,-28.2375,153.3125
6981,Southern Slopes (mainland),East Coast (South),8640,180,490.491,500,1.5,0,3384,-28.4875,153.1375
6982,Southern Slopes (mainland),East Coast (South),8640,180,469.241,500,2.3,0,871,-28.5375,153.4375
6983,Southern Slopes (mainland),East Coast (South),8640,180,437.882,500,3.6,2.3561945,37,-34.2875,150.7625
6984,Southern Slopes (mainland),East Coast (South),8640,180,311.687,500,2.3,2.3561945,2597,-28.8625,152.3125
6985,Southern Slopes (mainland),East Coast (South),8640,180,280.873,500,2.3,2.3561945,2871,-34.0625,151.0625
6986,Southern Slopes (mainland),East Coast (South),8640,180,255.287,500,3.6,1.5707963,576,-30.7375,152.0625
6987,Southern Slopes (mainland),S-SW Flatlands (West),8640,180,136.867,500,2.3,0.7853982,1151,-28.5375,114.6875
6988,Southern Slopes (mainland),Southern Slopes (mainland),8640,180,641.82,1000,2.3,0.7853982,1660,-34.5375,150.7125
6989,Southern Slopes (mainland),Southern Slopes (mainland),8640,180,239.31,1000,3.6,0.7853982,2870,-34.8375,150.6125
6990,Southern Slopes (mainland),Southern Slopes (mainland),8640,180,140.03,1000,3.6,0,702,-38.1375,146.2125
6991,Southern Slopes (mainland),East Coast (South),8640,180,610.1,1000,2.3,0,80,-28.2875,153.2625
6992,Southern Slopes (mainland),East Coast (South),8640,180,458.53,1000,2.3,0.7853982,3384,-28.4375,153.1625
6993,Southern Slopes (mainland),East Coast (South),8640,180,448.47,1000,2.3,2.3561945,864,-28.2875,153.4125
6994,Southern Slopes (mainland),East Coast (South),8640,180,388.93,1000,1.5,2.3561945,332,-28.3375,153.3625
6995,Southern Slopes (mainland),East Coast (South),8640,180,372.5,1000,1.5,1.5707963,2000,-28.2875,153.4125
6996,Southern Slopes (mainland),East Coast (South),8640,180,270.28,1000,2.3,0,3170,-30.1375,153.0125
6997,Southern Slopes (mainland),East Coast (South),8640,180,225.29,1000,3.6,1.5707963,589,-28.8375,153.2625
6998,Southern Slopes (mainland),Southern Slopes (mainland),8640,180,202.09,2500,2.3,0.7853982,2870,-34.9375,150.5625
6999,Southern Slopes (mainland),Southern Slopes (mainland),8640,180,133.69,2500,1.5,0,702,-38.1875,146.2125
7000,Southern Slopes (mainland),East Coast (South),8640,180,402.68,2500,2.3,0,865,-28.5375,153.4625
7001,Southern Slopes (mainland),East Coast (South),8640,180,393.15,2500,3.6,2.3561945,14,-30.1875,152.6625
7002,Southern Slopes (mainland),East Coast (South),8640,180,372.62,2500,3.6,0,574,-31.1875,152.4125
7003,Southern Slopes (mainland),East Coast (South),8640,180,365.6,2500,2.3,1.5707963,3384,-28.4875,152.9625
7004,Southern Slopes (mainland),East Coast (South),8640,180,298.27,2500,1.5,2.3561945,330,-28.3375,153.3625
7005,Southern Slopes (mainland),East Coast (South),8640,180,250.23,2500,3.6,0,3167,-29.9375,153.0125
7006,Southern Slopes (mainland),Central Slopes,8640,180,167.89,2500,3.6,2.3561945,587,-28.2375,151.7625
7007,Southern Slopes (mainland),S-SW Flatlands (West),8640,180,136.88,2500,1.5,0.7853982,2887,-33.2875,115.9125
7008,Southern Slopes (mainland),Southern Slopes (mainland),8640,180,334.05,5000,3.6,0.7853982,1661,-34.6875,150.5125
7009,Southern Slopes (mainland),East Coast (South),8640,180,410.98,5000,1.5,0,868,-28.4875,153.3125
7010,Southern Slopes (mainland),East Coast (South),8640,180,375.08,5000,3.6,0,1259,-29.0875,153.2125
7011,Southern Slopes (mainland),East Coast (South),8640,180,332.01,5000,1.5,0,575,-31.0875,152.4125
7012,Southern Slopes (mainland),East Coast (South),8640,180,312.05,5000,2.3,0.7853982,3384,-28.6875,152.9125
7013,Southern Slopes (mainland),East Coast (South),8640,180,289.61,5000,2.3,0.7853982,389,-30.4875,152.5125
7014,Southern Slopes (mainland),East Coast (South),8640,180,290.1,5000,3.6,1.5707963,694,-30.2875,152.5125
7015,Southern Slopes (mainland),East Coast (South),8640,180,209.16,5000,1.5,0.7853982,3527,-33.8875,150.2125
7016,Southern Slopes (mainland),East Coast (South),8640,180,201.06,5000,1.5,0.7853982,589,-28.8875,153.1125
7017,Southern Slopes (mainland),East Coast (North),8640,180,1084.11,5000,3.6,0,1538,-21.5875,149.0125
7018,Southern Slopes (mainland),Southern Slopes (mainland),8640,180,264.02,10000,3.6,0.7853982,1663,-34.9875,150.2125
7019,Southern Slopes (mainland),East Coast (South),8640,180,373.55,10000,3.6,0,2658,-30.7875,152.5125
7020,Southern Slopes (mainland),East Coast (South),8640,180,364.14,10000,1.5,0,2008,-29.5875,152.8125
7021,Southern Slopes (mainland),East Coast (South),8640,180,346,10000,1.5,2.3561945,39,-34.1875,150.3125
7022,Southern Slopes (mainland),East Coast (South),8640,180,296.38,10000,2.3,0.7853982,2596,-28.5875,152.9125
7023,Southern Slopes (mainland),East Coast (South),8640,180,278.53,10000,2.3,0.7853982,3384,-28.5875,152.9125
7024,Southern Slopes (mainland),East Coast (South),8640,180,279.38,10000,1.5,0,575,-31.1875,152.3125
7025,Southern Slopes (mainland),East Coast (South),8640,180,253.52,10000,3.6,0.7853982,388,-30.6875,152.4125
7026,Southern Slopes (mainland),East Coast (South),8640,180,199.46,10000,3.6,0,3168,-29.5875,152.9125
7027,Southern Slopes (mainland),Central Slopes,8640,180,237.62,10000,3.6,2.3561945,1998,-27.4875,151.9125
7028,Southern Slopes (mainland),Southern Slopes (mainland),8640,180,208.38,20000,2.3,0.7853982,1664,-34.9875,150.1375
7029,Southern Slopes (mainland),East Coast (South),8640,180,319.36,20000,2.3,0,2657,-30.7375,152.5125
7030,Southern Slopes (mainland),East Coast (South),8640,180,270.8,20000,3.6,0,867,-28.7375,153.1375
7031,Southern Slopes (mainland),East Coast (South),8640,180,247.4,20000,3.6,0.7853982,3494,-30.9875,152.2625
7032,Southern Slopes (mainland),East Coast (South),8640,180,235.58,20000,2.3,0,695,-30.8625,152.6375
7033,Southern Slopes (mainland),East Coast (South),8640,180,202.42,20000,1.5,0,386,-30.9875,152.2625
7034,Southern Slopes (mainland),East Coast (South),8640,180,168.65,20000,3.6,0,3166,-29.6125,152.8875
7035,Southern Slopes (mainland),East Coast (South),8640,180,127.69,20000,1.5,0.7853982,3525,-34.1125,150.3875
7036,Southern Slopes (mainland),Central Slopes,8640,180,246.66,20000,3.6,0.7853982,2007,-28.1125,152.2625
7037,Southern Slopes (mainland),East Coast (North),8640,180,359.6,20000,1.5,0,1602,-21.6125,148.8875
7038,Southern Slopes (mainland),Southern Slopes (mainland),8640,180,163.95,40000,1.5,0.7853982,1661,-34.8625,150.1375
7039,Southern Slopes (mainland),East Coast (South),8640,180,212.82,40000,2.3,0,873,-28.8625,152.8875
7040,Southern Slopes (mainland),East Coast (South),8640,180,156.66,40000,3.6,0.7853982,695,-32.8625,151.3875
7041,Southern Slopes (mainland),Central Slopes,8640,180,196.43,40000,3.6,0.7853982,142,-27.3625,151.8875
7042,Southern Slopes (mainland),East Coast (North),8640,180,292.5,40000,1.5,0,2007,-28.2375,152.7625
7043,Southern Slopes (mainland),East Coast (North),8640,180,204.53,40000,2.3,0,1261,-28.1125,152.8875
7044,Southern Slopes (mainland),Monsoonal North,8640,180,326.45,40000,1.5,2.3561945,3230,-19.6125,146.3875
7045,Southern Slopes (mainland),Monsoonal North,8640,180,278.06,40000,3.6,1.5707963,2756,-19.4875,145.7625
7046,Southern Slopes (mainland),Monsoonal North,8640,180,233.62,40000,1.5,2.3561945,2194,-18.9875,145.7625
7047,Southern Slopes (mainland),Wet Tropics,8640,180,308.61,40000,3.6,2.3561945,1452,-19.3625,146.5125
7048,Southern Slopes (mainland),Southern Slopes (Tasmania),10080,180,246.439,100,1.5,2.3561945,2798,-41.8875,145.5875
7049,Southern Slopes (mainland),Southern Slopes (Tasmania),10080,180,238.14,100,1.5,1.5707963,3122,-41.8875,145.5875
7050,Southern Slopes (mainland),East Coast (South),10080,180,523.634,100,1.5,0.7853982,3383,-28.4875,153.1875
7051,Southern Slopes (mainland),East Coast (South),10080,180,393.546,100,3.6,0.7853982,36,-33.7625,151.1875
7052,Southern Slopes (mainland),East Coast (South),10080,180,278.55,100,3.6,1.5707963,3523,-33.6875,150.5125
7053,Southern Slopes (mainland),S-SW Flatlands (West),10080,180,242.26,100,1.5,0,804,-31.9875,116.1875
7054,Southern Slopes (mainland),Monsoonal North,10080,180,371.69,100,1.5,1.5707963,2835,-12.3875,130.9125
7055,Southern Slopes (mainland),Wet Tropics,10080,180,750.103,100,3.6,0.7853982,2754,-19.1375,146.4625
7056,Southern Slopes (mainland),Wet Tropics,10080,180,705.771,100,3.6,0,3245,-17.7875,145.9125
7057,Southern Slopes (mainland),Wet Tropics,10080,180,666.883,100,1.5,1.5707963,2473,-17.8625,145.6625
7058,Southern Slopes (mainland),Southern Slopes (Tasmania),10080,180,224.876,200,2.3,2.3561945,2797,-41.9125,145.5875
7059,Southern Slopes (mainland),East Coast (South),10080,180,725.477,200,3.6,0,83,-28.3375,153.2625
7060,Southern Slopes (mainland),East Coast (South),10080,180,534.995,200,2.3,0.7853982,3383,-28.4875,153.1125
7061,Southern Slopes (mainland),East Coast (South),10080,180,503.577,200,3.6,0,860,-28.3375,153.3625
7062,Southern Slopes (mainland),East Coast (South),10080,180,389.593,200,2.3,0.7853982,36,-33.7625,151.1625
7063,Southern Slopes (mainland),East Coast (South),10080,180,282.3,200,3.6,1.5707963,3522,-33.6875,150.4875
7064,Southern Slopes (mainland),S-SW Flatlands (West),10080,180,233.914,200,1.5,0,804,-31.9875,116.2125
7065,Southern Slopes (mainland),East Coast (North),10080,180,607.77,200,2.3,0,339,-26.6875,152.8875
7066,Southern Slopes (mainland),Monsoonal North,10080,180,1559.754,200,2.3,2.3561945,1548,-20.9875,148.6375
7067,Southern Slopes (mainland),Wet Tropics,10080,180,799.634,200,3.6,0.7853982,3220,-19.0625,146.4125
7068,Southern Slopes (mainland),East Coast (South),10080,180,692.927,500,2.3,2.3561945,82,-28.2625,153.1875
7069,Southern Slopes (mainland),East Coast (South),10080,180,599.772,500,2.3,0,2001,-28.2375,153.3125
7070,Southern Slopes (mainland),East Coast (South),10080,180,499.994,500,1.5,0,3383,-28.4875,153.1375
7071,Southern Slopes (mainland),East Coast (South),10080,180,492.617,500,2.3,0,861,-28.6625,153.4625
7072,Southern Slopes (mainland),East Coast (South),10080,180,448.655,500,3.6,2.3561945,35,-34.2875,150.7625
7073,Southern Slopes (mainland),East Coast (South),10080,180,316.243,500,2.3,2.3561945,2595,-28.8625,152.3125
7074,Southern Slopes (mainland),S-SW Flatlands (West),10080,180,140.755,500,2.3,0.7853982,1150,-28.5375,114.7125
7075,Southern Slopes (mainland),East Coast (North),10080,180,732.999,500,2.3,0.7853982,139,-26.6125,152.7625
7076,Southern Slopes (mainland),East Coast (North),10080,180,586.698,500,2.3,0,339,-26.6125,152.8875
7077,Southern Slopes (mainland),Monsoonal North,10080,180,1441.493,500,2.3,0,1548,-21.0375,148.5875
7078,Southern Slopes (mainland),East Coast (South),10080,180,462.19,1000,2.3,2.3561945,3383,-28.5375,153.1625
7079,Southern Slopes (mainland),East Coast (South),10080,180,468.54,1000,2.3,2.3561945,858,-28.2875,153.4125
7080,Southern Slopes (mainland),East Coast (North),10080,180,668.88,1000,2.3,0,84,-28.0875,153.2625
7081,Southern Slopes (mainland),East Coast (North),10080,180,608.13,1000,2.3,0,2003,-27.8875,153.1625
7082,Southern Slopes (mainland),Monsoonal North,10080,180,1396.84,1000,2.3,0,1548,-20.9875,148.6125
7083,Southern Slopes (mainland),Monsoonal North,10080,180,819.1,1000,3.6,0.7853982,3218,-18.9375,146.0625
7084,Southern Slopes (mainland),Monsoonal North,10080,180,496.15,1000,3.6,0,3409,-20.9375,148.6125
7085,Southern Slopes (mainland),Monsoonal North,10080,180,308.38,1000,1.5,0.7853982,2911,-13.1375,130.9625
7086,Southern Slopes (mainland),Wet Tropics,10080,180,588.16,1000,1.5,0,2474,-17.7875,145.8125
7087,Southern Slopes (mainland),Wet Tropics,10080,180,456.59,1000,3.6,2.3561945,397,-21.0875,148.7125
7088,Southern Slopes (mainland),Southern Slopes (Tasmania),10080,180,165.67,2500,3.6,2.356194,3519,-42.5375,145.7625
7089,Southern Slopes (mainland),East Coast (South),10080,180,520.12,2500,2.3,0,94,-28.2875,153.2625
7090,Southern Slopes (mainland),East Coast (South),10080,180,455.42,2500,2.3,0,859,-28.5375,153.4625
7091,Southern Slopes (mainland),East Coast (South),10080,180,439.86,2500,2.3,2.356194,35,-34.3375,150.4125
7092,Southern Slopes (mainland),East Coast (South),10080,180,373.53,2500,2.3,1.570796,3383,-28.4875,152.9625
7093,Southern Slopes (mainland),East Coast (South),10080,180,305.98,2500,1.5,2.356194,329,-28.3375,153.3625
7094,Southern Slopes (mainland),East Coast (North),10080,180,1190.93,2500,3.6,2.356194,1568,-21.3875,148.9625
7095,Southern Slopes (mainland),East Coast (North),10080,180,627.2,2500,2.3,0,142,-26.5875,152.7625
7096,Southern Slopes (mainland),East Coast (North),10080,180,524.18,2500,1.5,0,2000,-27.5375,152.9625
7097,Southern Slopes (mainland),East Coast (North),10080,180,470.27,2500,1.5,2.356194,341,-26.4375,152.7625
7098,Southern Slopes (mainland),East Coast (South),10080,180,428.92,5000,1.5,0,862,-28.4875,153.3125
7099,Southern Slopes (mainland),East Coast (South),10080,180,315.75,5000,2.3,0.7853982,3382,-28.6875,152.9125
7100,Southern Slopes (mainland),East Coast (North),10080,180,1215.52,5000,3.6,0,1565,-21.5875,149.0125
7101,Southern Slopes (mainland),East Coast (North),10080,180,445.09,5000,2.3,2.3561945,2004,-27.5875,152.9125
7102,Southern Slopes (mainland),East Coast (North),10080,180,365.34,5000,3.6,0.7853982,3446,-21.3875,148.4125
7103,Southern Slopes (mainland),East Coast (North),10080,180,329.57,5000,3.6,1.5707963,82,-28.2875,152.9125
7104,Southern Slopes (mainland),Monsoonal North,10080,180,645.63,5000,1.5,2.3561945,3220,-19.0875,146.0125
7105,Southern Slopes (mainland),Monsoonal North,10080,180,537.48,5000,1.5,0,2754,-18.9875,146.1125
7106,Southern Slopes (mainland),Monsoonal North,10080,180,497.01,5000,3.6,2.3561945,1002,-18.9875,146.0125
7107,Southern Slopes (mainland),Monsoonal North,10080,180,314.97,5000,3.6,2.3561945,1583,-16.7875,145.4125
7108,Southern Slopes (mainland),East Coast (South),10080,180,366.5,10000,1.5,0,1997,-29.5875,152.8125
7109,Southern Slopes (mainland),East Coast (South),10080,180,346.29,10000,3.6,0,866,-28.5875,153.2125
7110,Southern Slopes (mainland),East Coast (South),10080,180,283.48,10000,2.3,0.7853982,3383,-28.5875,152.9125
7111,Southern Slopes (mainland),East Coast (South),10080,180,262.05,10000,3.6,0.7853982,385,-30.6875,152.4125
7112,Southern Slopes (mainland),Central Slopes,10080,180,240.6,10000,3.6,2.3561945,1996,-27.4875,151.9125
7113,Southern Slopes (mainland),East Coast (North),10080,180,1117.18,10000,2.3,0,1565,-21.6875,149.0125
7114,Southern Slopes (mainland),East Coast (North),10080,180,476.33,10000,1.5,2.3561945,137,-26.6875,152.7125
7115,Southern Slopes (mainland),East Coast (North),10080,180,358.92,10000,2.3,0.7853982,3440,-21.3875,148.5125
7116,Southern Slopes (mainland),Rangelands,10080,180,200.31,10000,2.3,0,2541,-23.4875,132.8125
7117,Southern Slopes (mainland),Monsoonal North,10080,180,584.81,10000,3.6,2.3561945,807,-16.5875,145.1125
7118,Southern Slopes (mainland),East Coast (South),10080,180,312.03,20000,2.3,0,1997,-29.6125,152.7625
7119,Southern Slopes (mainland),East Coast (South),10080,180,240.11,20000,1.5,0,863,-28.8625,153.0125
7120,Southern Slopes (mainland),Central Slopes,10080,180,247.3,20000,3.6,0.7853982,1999,-28.1125,152.2625
7121,Southern Slopes (mainland),East Coast (North),10080,180,874.31,20000,2.3,2.3561945,1541,-21.7375,149.1375
7122,Southern Slopes (mainland),East Coast (North),10080,180,378.45,20000,2.3,0,136,-26.4875,152.6375
7123,Southern Slopes (mainland),Monsoonal North,10080,180,403.72,20000,2.3,2.3561945,3219,-19.4875,146.5125
7124,Southern Slopes (mainland),Monsoonal North,10080,180,344.74,20000,2.3,2.3561945,2187,-18.9875,146.0125
7125,Southern Slopes (mainland),Monsoonal North,10080,180,294.29,20000,3.6,0,1585,-18.8625,145.8875
7126,Southern Slopes (mainland),Monsoonal North,10080,180,258.99,20000,3.6,1.5707963,2746,-14.1125,131.2625
7127,Southern Slopes (mainland),Monsoonal North,10080,180,167.81,20000,2.3,1.5707963,1236,-17.4875,144.8875
7128,Southern Slopes (mainland),East Coast (North),10080,180,295.14,40000,1.5,0,2006,-28.2375,152.7625
